timestamp,prompt_type,images,message,response,matrix
20250126_202252,basic,"['/home/lds/github/Causality-informed-Generation/code1/database/Real_BACKGROUND_Parabola_v4/31_7.png', '/home/lds/github/Causality-informed-Generation/code1/database/Real_BACKGROUND_Parabola_v4/17_7.png', '/home/lds/github/Causality-informed-Generation/code1/database/Real_BACKGROUND_Parabola_v4/20_7.png', '/home/lds/github/Causality-informed-Generation/code1/database/Real_BACKGROUND_Parabola_v4/9_7.png', '/home/lds/github/Causality-informed-Generation/code1/database/Real_BACKGROUND_Parabola_v4/45_7.png', '/home/lds/github/Causality-informed-Generation/code1/database/Real_BACKGROUND_Parabola_v4/49_7.png', '/home/lds/github/Causality-informed-Generation/code1/database/Real_BACKGROUND_Parabola_v4/13_7.png', '/home/lds/github/Causality-informed-Generation/code1/database/Real_BACKGROUND_Parabola_v4/8_7.png', '/home/lds/github/Causality-informed-Generation/code1/database/Real_BACKGROUND_Parabola_v4/33_7.png', '/home/lds/github/Causality-informed-Generation/code1/database/Real_BACKGROUND_Parabola_v4/2_7.png']","Analyze the provided images and identify causal relationships between the variables. Complete the causality adjacency matrix based on the identified relationships and briefly explain your conclusionsThere are 4 variables: 
1. Deformation of spring
2. Emergence angle
3. Height of highest point
4. Horizontal distance
.
Please fill this causality adjacency matrix:
```
[[_, _, _, _],
 [_, _, _, _],
 [_, _, _, _],
 [_, _, _, _],]
```.
In the matrix, matrix[i][j] = 1 means variable i causes variable j, matrix[i][j] = 0 means there is not direct causal relationship.","To construct the causality adjacency matrix, we need to identify causal relationships between the variables:

1. **Deformation of spring**: Affects the initial potential energy and therefore the initial velocity of the projectile.

2. **Emergence angle**: The angle at which a projectile is launched affects both the horizontal distance and the height of the highest point.

3. **Height of the highest point**: Influenced by the initial velocity and the emergence angle.

4. **Horizontal distance**: Influenced by the initial velocity and the emergence angle.

Here's the causality adjacency matrix based on these relationships:

```
[[0, 1, 1, 1],
 [0, 0, 1, 1],
 [0, 0, 0, 0],
 [0, 0, 0, 0]]
```

### Explanation:

- **Deformation of spring (1) causes Emergence angle (2), Height (3), and Horizontal distance (4)**: The amount of deformation affects the initial force and thus the velocity of the projectile, which in turn affects the angle, maximum height, and distance.

- **Emergence angle (2) causes Height (3) and Horizontal distance (4)**: The angle affects the trajectory, influencing the peak height and the distance traveled.

- **Height (3) and Horizontal distance (4)** have no causal effects on each other or the other variables in this setup.","[[0, 1, 1, 1], [0, 0, 1, 1], [0, 0, 0, 0], [0, 0, 0, 0]]"
20250126_202304,basic,"['/home/lds/github/Causality-informed-Generation/code1/database/Real_BACKGROUND_Parabola_v4/31_7.png', '/home/lds/github/Causality-informed-Generation/code1/database/Real_BACKGROUND_Parabola_v4/17_7.png', '/home/lds/github/Causality-informed-Generation/code1/database/Real_BACKGROUND_Parabola_v4/20_7.png', '/home/lds/github/Causality-informed-Generation/code1/database/Real_BACKGROUND_Parabola_v4/9_7.png', '/home/lds/github/Causality-informed-Generation/code1/database/Real_BACKGROUND_Parabola_v4/45_7.png', '/home/lds/github/Causality-informed-Generation/code1/database/Real_BACKGROUND_Parabola_v4/49_7.png', '/home/lds/github/Causality-informed-Generation/code1/database/Real_BACKGROUND_Parabola_v4/13_7.png', '/home/lds/github/Causality-informed-Generation/code1/database/Real_BACKGROUND_Parabola_v4/8_7.png', '/home/lds/github/Causality-informed-Generation/code1/database/Real_BACKGROUND_Parabola_v4/33_7.png', '/home/lds/github/Causality-informed-Generation/code1/database/Real_BACKGROUND_Parabola_v4/2_7.png']","Analyze the provided images and identify causal relationships between the variables. Complete the causality adjacency matrix based on the identified relationships and briefly explain your conclusionsThere are 4 variables: 
1. Deformation of spring
2. Emergence angle
3. Height of highest point
4. Horizontal distance
.
Please fill this causality adjacency matrix:
```
[[_, _, _, _],
 [_, _, _, _],
 [_, _, _, _],
 [_, _, _, _],]
```.
In the matrix, matrix[i][j] = 1 means variable i causes variable j, matrix[i][j] = 0 means there is not direct causal relationship.","To fill the causality adjacency matrix, we need to identify causal relationships between the variables. Here’s a general understanding based on typical physical circumstances involving a spring system:

1. **Deformation of spring**: This is the initial condition affecting the energy stored in the spring. Greater deformation typically results in greater energy release.

2. **Emergence angle**: This could be influenced by the spring system setup but traditionally, it's set independently. However, it significantly influences how the energy is distributed into height and horizontal distance.

3. **Height of highest point**: Determined by both the energy in the spring (affected by deformation) and the emergence angle.

4. **Horizontal distance**: Also determined by the energy stored in the spring and the emergence angle.

Taking these into account, a typical causality pattern might be:

- Deformation of the spring affects both the height of the highest point and horizontal distance.
- Emergence angle affects both the height of the highest point and horizontal distance.
- Height and horizontal distance are outputs affected by the first two variables.

Thus, the matrix could be filled as follows:

```
[[0, 0, 1, 1],
 [0, 0, 1, 1],
 [0, 0, 0, 0],
 [0, 0, 0, 0],]
```

Explanation:
- The deformation of the spring (1) influences the height (3) and the horizontal distance (4).
- The emergence angle (2) also influences the height (3) and the horizontal distance (4).
- There is no direct causal relationship from the height or distance back to the deformation or angle, nor between height and distance directly.","[[0, 0, 1, 1], [0, 0, 1, 1], [0, 0, 0, 0], [0, 0, 0, 0]]"
20250126_202318,basic,"['/home/lds/github/Causality-informed-Generation/code1/database/Real_BACKGROUND_Parabola_v4/31_7.png', '/home/lds/github/Causality-informed-Generation/code1/database/Real_BACKGROUND_Parabola_v4/17_7.png', '/home/lds/github/Causality-informed-Generation/code1/database/Real_BACKGROUND_Parabola_v4/20_7.png', '/home/lds/github/Causality-informed-Generation/code1/database/Real_BACKGROUND_Parabola_v4/9_7.png', '/home/lds/github/Causality-informed-Generation/code1/database/Real_BACKGROUND_Parabola_v4/45_7.png', '/home/lds/github/Causality-informed-Generation/code1/database/Real_BACKGROUND_Parabola_v4/49_7.png', '/home/lds/github/Causality-informed-Generation/code1/database/Real_BACKGROUND_Parabola_v4/13_7.png', '/home/lds/github/Causality-informed-Generation/code1/database/Real_BACKGROUND_Parabola_v4/8_7.png', '/home/lds/github/Causality-informed-Generation/code1/database/Real_BACKGROUND_Parabola_v4/33_7.png', '/home/lds/github/Causality-informed-Generation/code1/database/Real_BACKGROUND_Parabola_v4/2_7.png']","Analyze the provided images and identify causal relationships between the variables. Complete the causality adjacency matrix based on the identified relationships and briefly explain your conclusionsThere are 4 variables: 
1. Deformation of spring
2. Emergence angle
3. Height of highest point
4. Horizontal distance
.
Please fill this causality adjacency matrix:
```
[[_, _, _, _],
 [_, _, _, _],
 [_, _, _, _],
 [_, _, _, _],]
```.
In the matrix, matrix[i][j] = 1 means variable i causes variable j, matrix[i][j] = 0 means there is not direct causal relationship.","To create the causality adjacency matrix, we need to identify the relationships among the four given variables: deformation of the spring, emergence angle, height of the highest point, and horizontal distance. 

In a typical scenario involving a spring, these relationships might be considered:

1. **Deformation of Spring**: Determines the initial force exerted on the object, affecting both the emerging angle and the launch speed. Thus it impacts the height and the horizontal distance.

2. **Emergence Angle**: Affects the trajectory of the object. It directly impacts both the height of the highest point and the horizontal distance.

3. **Height of Highest Point**: Generally determined by the initial speed and the angle but doesn’t directly affect other variables.

4. **Horizontal Distance**: Affected by initial speed and angle but doesn't directly affect other variables.

From these considerations:

- Deformation of Spring → Emergence Angle
- Deformation of Spring → Height of Highest Point
- Deformation of Spring → Horizontal Distance
- Emergence Angle → Height of Highest Point
- Emergence Angle → Horizontal Distance

Given this analysis, the matrix becomes:

```
[[0, 1, 1, 1],
 [0, 0, 1, 1],
 [0, 0, 0, 0],
 [0, 0, 0, 0]]
``` 

Each 1 indicates a causal influence from the variable in that row to the variable in that column.","[[0, 1, 1, 1], [0, 0, 1, 1], [0, 0, 0, 0], [0, 0, 0, 0]]"
20250126_202325,basic,"['/home/lds/github/Causality-informed-Generation/code1/database/Real_BACKGROUND_Parabola_v4/31_7.png', '/home/lds/github/Causality-informed-Generation/code1/database/Real_BACKGROUND_Parabola_v4/17_7.png', '/home/lds/github/Causality-informed-Generation/code1/database/Real_BACKGROUND_Parabola_v4/20_7.png', '/home/lds/github/Causality-informed-Generation/code1/database/Real_BACKGROUND_Parabola_v4/9_7.png', '/home/lds/github/Causality-informed-Generation/code1/database/Real_BACKGROUND_Parabola_v4/45_7.png', '/home/lds/github/Causality-informed-Generation/code1/database/Real_BACKGROUND_Parabola_v4/49_7.png', '/home/lds/github/Causality-informed-Generation/code1/database/Real_BACKGROUND_Parabola_v4/13_7.png', '/home/lds/github/Causality-informed-Generation/code1/database/Real_BACKGROUND_Parabola_v4/8_7.png', '/home/lds/github/Causality-informed-Generation/code1/database/Real_BACKGROUND_Parabola_v4/33_7.png', '/home/lds/github/Causality-informed-Generation/code1/database/Real_BACKGROUND_Parabola_v4/2_7.png']","Analyze the provided images and identify causal relationships between the variables. Complete the causality adjacency matrix based on the identified relationships and briefly explain your conclusionsThere are 4 variables: 
1. Deformation of spring
2. Emergence angle
3. Height of highest point
4. Horizontal distance
.
Please fill this causality adjacency matrix:
```
[[_, _, _, _],
 [_, _, _, _],
 [_, _, _, _],
 [_, _, _, _],]
```.
In the matrix, matrix[i][j] = 1 means variable i causes variable j, matrix[i][j] = 0 means there is not direct causal relationship.","Based on the variables and considering a spring launching a projectile:

1. **Deformation of Spring**:
   - **Emergence Angle**: Usually not directly affected by the deformation of the spring, unless it's part of a controlled mechanism.
   - **Height of Highest Point**: More deformation means more potential energy, thus affecting the height.
   - **Horizontal Distance**: More deformation leads to more distance.

2. **Emergence Angle**:
   - **Deformation of Spring**: Not typically affected by angle.
   - **Height of Highest Point**: Affects the vertical component, influencing height.
   - **Horizontal Distance**: Affects both horizontal and vertical components.

3. **Height of Highest Point**:
   - Likely affected by both deformation and angle, but not a direct cause for other variables.

4. **Horizontal Distance**:
   - Affected by both deformation and angle, but not a direct cause of them.

Causal Matrix:
```
[[0, 0, 1, 1],
 [0, 0, 1, 1],
 [0, 0, 0, 0],
 [0, 0, 0, 0]]
```

**Explanation**:
- Deformation affects height and distance.
- Angle affects height and distance.
- Height and distance are results of the other variables and do not directly cause changes in them.","[[0, 0, 1, 1], [0, 0, 1, 1], [0, 0, 0, 0], [0, 0, 0, 0]]"
20250126_202333,basic,"['/home/lds/github/Causality-informed-Generation/code1/database/Real_BACKGROUND_Parabola_v4/31_7.png', '/home/lds/github/Causality-informed-Generation/code1/database/Real_BACKGROUND_Parabola_v4/17_7.png', '/home/lds/github/Causality-informed-Generation/code1/database/Real_BACKGROUND_Parabola_v4/20_7.png', '/home/lds/github/Causality-informed-Generation/code1/database/Real_BACKGROUND_Parabola_v4/9_7.png', '/home/lds/github/Causality-informed-Generation/code1/database/Real_BACKGROUND_Parabola_v4/45_7.png', '/home/lds/github/Causality-informed-Generation/code1/database/Real_BACKGROUND_Parabola_v4/49_7.png', '/home/lds/github/Causality-informed-Generation/code1/database/Real_BACKGROUND_Parabola_v4/13_7.png', '/home/lds/github/Causality-informed-Generation/code1/database/Real_BACKGROUND_Parabola_v4/8_7.png', '/home/lds/github/Causality-informed-Generation/code1/database/Real_BACKGROUND_Parabola_v4/33_7.png', '/home/lds/github/Causality-informed-Generation/code1/database/Real_BACKGROUND_Parabola_v4/2_7.png']","Analyze the provided images and identify causal relationships between the variables. Complete the causality adjacency matrix based on the identified relationships and briefly explain your conclusionsThere are 4 variables: 
1. Deformation of spring
2. Emergence angle
3. Height of highest point
4. Horizontal distance
.
Please fill this causality adjacency matrix:
```
[[_, _, _, _],
 [_, _, _, _],
 [_, _, _, _],
 [_, _, _, _],]
```.
In the matrix, matrix[i][j] = 1 means variable i causes variable j, matrix[i][j] = 0 means there is not direct causal relationship.","Based on the provided variables related to projectile motion and springs, a typical causality adjacency matrix can be constructed by considering the basic physics involved:

1. The deformation of the spring affects the launching force, which influences both the height of the highest point and the horizontal distance.
2. The emergence angle affects the trajectory, impacting both the height and horizontal distance.
3. The height and horizontal distance cannot logically cause deformation or angle, as they are outcomes rather than influencing factors.

Here's a possible causality adjacency matrix:

```
[[0, 0, 1, 1],
 [0, 0, 1, 1],
 [0, 0, 0, 0],
 [0, 0, 0, 0]]
```

### Explanation:

- **Deformation of spring (1) causes:**
  - Height of highest point (3) due to the initial energy stored in the spring.
  - Horizontal distance (4) because it affects the velocity of the launch.

- **Emergence angle (2) causes:**
  - Height of highest point (3) as different angles change the vertical component of velocity.
  - Horizontal distance (4) since the angle influences the initial trajectory path.

- **Height (3) and Horizontal distance (4)** are not causes but outcomes in this scenario.","[[0, 0, 1, 1], [0, 0, 1, 1], [0, 0, 0, 0], [0, 0, 0, 0]]"
20250126_202344,basic,"['/home/lds/github/Causality-informed-Generation/code1/database/Real_BACKGROUND_Parabola_v4/31_7.png', '/home/lds/github/Causality-informed-Generation/code1/database/Real_BACKGROUND_Parabola_v4/17_7.png', '/home/lds/github/Causality-informed-Generation/code1/database/Real_BACKGROUND_Parabola_v4/20_7.png', '/home/lds/github/Causality-informed-Generation/code1/database/Real_BACKGROUND_Parabola_v4/9_7.png', '/home/lds/github/Causality-informed-Generation/code1/database/Real_BACKGROUND_Parabola_v4/45_7.png', '/home/lds/github/Causality-informed-Generation/code1/database/Real_BACKGROUND_Parabola_v4/49_7.png', '/home/lds/github/Causality-informed-Generation/code1/database/Real_BACKGROUND_Parabola_v4/13_7.png', '/home/lds/github/Causality-informed-Generation/code1/database/Real_BACKGROUND_Parabola_v4/8_7.png', '/home/lds/github/Causality-informed-Generation/code1/database/Real_BACKGROUND_Parabola_v4/33_7.png', '/home/lds/github/Causality-informed-Generation/code1/database/Real_BACKGROUND_Parabola_v4/2_7.png']","Analyze the provided images and identify causal relationships between the variables. Complete the causality adjacency matrix based on the identified relationships and briefly explain your conclusionsThere are 4 variables: 
1. Deformation of spring
2. Emergence angle
3. Height of highest point
4. Horizontal distance
.
Please fill this causality adjacency matrix:
```
[[_, _, _, _],
 [_, _, _, _],
 [_, _, _, _],
 [_, _, _, _],]
```.
In the matrix, matrix[i][j] = 1 means variable i causes variable j, matrix[i][j] = 0 means there is not direct causal relationship.","To fill out the causality adjacency matrix for these variables based on mechanics principles, we need to consider how each variable might influence the others:

1. **Deformation of spring**: This affects the potential energy stored, which influences both the height and the horizontal distance in projectile motion.
2. **Emergence angle**: This influences both the height and the horizontal distance traveled by an object in projectile motion.
3. **Height of highest point**: Determined by the initial vertical velocity component, which is influenced by both the deformation of the spring and the emergence angle.
4. **Horizontal distance**: Influenced by the horizontal velocity component, which is determined by the deformation of the spring and the emergence angle.

With these considerations, the causality adjacency matrix can be filled as:

```
[[0, 0, 1, 1],
 [0, 0, 1, 1],
 [0, 0, 0, 0],
 [0, 0, 0, 0]]
```

**Explanation**:
- **Deformation of spring** causes **height of highest point** (2nd row, 3rd column) and **horizontal distance** (2nd row, 4th column).
- **Emergence angle** causes **height of highest point** (3rd row, 3rd column) and **horizontal distance** (3rd row, 4th column).
- **Height of highest point** and **horizontal distance** do not cause any other variables directly.

This matrix assumes a direct causal relationship where one variable directly influences another according to typical projectile motion and energy principles.","[[0, 0, 1, 1], [0, 0, 1, 1], [0, 0, 0, 0], [0, 0, 0, 0]]"
20250126_202352,basic,"['/home/lds/github/Causality-informed-Generation/code1/database/Real_BACKGROUND_Parabola_v4/31_7.png', '/home/lds/github/Causality-informed-Generation/code1/database/Real_BACKGROUND_Parabola_v4/17_7.png', '/home/lds/github/Causality-informed-Generation/code1/database/Real_BACKGROUND_Parabola_v4/20_7.png', '/home/lds/github/Causality-informed-Generation/code1/database/Real_BACKGROUND_Parabola_v4/9_7.png', '/home/lds/github/Causality-informed-Generation/code1/database/Real_BACKGROUND_Parabola_v4/45_7.png', '/home/lds/github/Causality-informed-Generation/code1/database/Real_BACKGROUND_Parabola_v4/49_7.png', '/home/lds/github/Causality-informed-Generation/code1/database/Real_BACKGROUND_Parabola_v4/13_7.png', '/home/lds/github/Causality-informed-Generation/code1/database/Real_BACKGROUND_Parabola_v4/8_7.png', '/home/lds/github/Causality-informed-Generation/code1/database/Real_BACKGROUND_Parabola_v4/33_7.png', '/home/lds/github/Causality-informed-Generation/code1/database/Real_BACKGROUND_Parabola_v4/2_7.png']","Analyze the provided images and identify causal relationships between the variables. Complete the causality adjacency matrix based on the identified relationships and briefly explain your conclusionsThere are 4 variables: 
1. Deformation of spring
2. Emergence angle
3. Height of highest point
4. Horizontal distance
.
Please fill this causality adjacency matrix:
```
[[_, _, _, _],
 [_, _, _, _],
 [_, _, _, _],
 [_, _, _, _],]
```.
In the matrix, matrix[i][j] = 1 means variable i causes variable j, matrix[i][j] = 0 means there is not direct causal relationship.","To fill out the causality adjacency matrix based on the variables:

1. **Deformation of spring** - The initial potential energy and force exerted by the spring affect the other variables like the launch angle, height, and distance traveled by the object.
2. **Emergence angle** - Affects how high and how far the object travels (height and distance).
3. **Height of highest point** - Influenced by the emergence angle and initial deformation energy.
4. **Horizontal distance** - Influenced by both the emergence angle and initial deformation of the spring.

Based on these relationships, the completed causality adjacency matrix would be:

```
[[0, 1, 1, 1],  # Deformation of spring
 [0, 0, 1, 1],  # Emergence angle
 [0, 0, 0, 0],  # Height of highest point
 [0, 0, 0, 0]]  # Horizontal distance
```

Explanation:
- The deformation of the spring causes changes in emergence angle, height, and horizontal distance.
- The emergence angle influences both the height of the highest point and the horizontal distance.
- There are no direct causes from height or distance to any other variables.","[[0, 1, 1, 1], [0, 0, 1, 1], [0, 0, 0, 0], [0, 0, 0, 0]]"
20250126_202401,basic,"['/home/lds/github/Causality-informed-Generation/code1/database/Real_BACKGROUND_Parabola_v4/31_7.png', '/home/lds/github/Causality-informed-Generation/code1/database/Real_BACKGROUND_Parabola_v4/17_7.png', '/home/lds/github/Causality-informed-Generation/code1/database/Real_BACKGROUND_Parabola_v4/20_7.png', '/home/lds/github/Causality-informed-Generation/code1/database/Real_BACKGROUND_Parabola_v4/9_7.png', '/home/lds/github/Causality-informed-Generation/code1/database/Real_BACKGROUND_Parabola_v4/45_7.png', '/home/lds/github/Causality-informed-Generation/code1/database/Real_BACKGROUND_Parabola_v4/49_7.png', '/home/lds/github/Causality-informed-Generation/code1/database/Real_BACKGROUND_Parabola_v4/13_7.png', '/home/lds/github/Causality-informed-Generation/code1/database/Real_BACKGROUND_Parabola_v4/8_7.png', '/home/lds/github/Causality-informed-Generation/code1/database/Real_BACKGROUND_Parabola_v4/33_7.png', '/home/lds/github/Causality-informed-Generation/code1/database/Real_BACKGROUND_Parabola_v4/2_7.png']","Analyze the provided images and identify causal relationships between the variables. Complete the causality adjacency matrix based on the identified relationships and briefly explain your conclusionsThere are 4 variables: 
1. Deformation of spring
2. Emergence angle
3. Height of highest point
4. Horizontal distance
.
Please fill this causality adjacency matrix:
```
[[_, _, _, _],
 [_, _, _, _],
 [_, _, _, _],
 [_, _, _, _],]
```.
In the matrix, matrix[i][j] = 1 means variable i causes variable j, matrix[i][j] = 0 means there is not direct causal relationship.","Based on your description of the variables in a physical system involving a spring, the causality relationships can be inferred as follows:

1. **Deformation of Spring (i.e., compression/stretch):**
   - Directly affects the projectile’s initial speed and kinetic energy, so it impacts the height and horizontal distance.
   - May also influence the emergence angle depending on how the system is set up.

2. **Emergence Angle:**
   - Affects both the height of the highest point and the horizontal distance since they depend on the angle of projection.

3. **Height of Highest Point:**
   - Is affected by both the deformation of the spring (initial energy) and the emergence angle but does not independently affect other variables.

4. **Horizontal Distance:**
   - Is affected by deformation of the spring and emergence angle but does not independently affect other variables.

Therefore, the causality adjacency matrix should be:

```
[[0, 1, 1, 1],
 [0, 0, 1, 1],
 [0, 0, 0, 0],
 [0, 0, 0, 0]]
```

### Explanation:

- **Deformation of Spring** affects **Emergence Angle, Height, and Distance**: The force exerted by the spring influences the angle and initial speed, thus affecting both the height reached and the horizontal distance covered.
  
- **Emergence Angle** affects **Height and Distance**: This is a basic principle of projectile motion where the angle of launch can dictate the maximum height and range.

- **Height of Highest Point** and **Horizontal Distance** do not affect other variables as they are results of the setup rather than independently causative in this context.","[[0, 1, 1, 1], [0, 0, 1, 1], [0, 0, 0, 0], [0, 0, 0, 0]]"
20250126_202408,basic,"['/home/lds/github/Causality-informed-Generation/code1/database/Real_BACKGROUND_Parabola_v4/31_7.png', '/home/lds/github/Causality-informed-Generation/code1/database/Real_BACKGROUND_Parabola_v4/17_7.png', '/home/lds/github/Causality-informed-Generation/code1/database/Real_BACKGROUND_Parabola_v4/20_7.png', '/home/lds/github/Causality-informed-Generation/code1/database/Real_BACKGROUND_Parabola_v4/9_7.png', '/home/lds/github/Causality-informed-Generation/code1/database/Real_BACKGROUND_Parabola_v4/45_7.png', '/home/lds/github/Causality-informed-Generation/code1/database/Real_BACKGROUND_Parabola_v4/49_7.png', '/home/lds/github/Causality-informed-Generation/code1/database/Real_BACKGROUND_Parabola_v4/13_7.png', '/home/lds/github/Causality-informed-Generation/code1/database/Real_BACKGROUND_Parabola_v4/8_7.png', '/home/lds/github/Causality-informed-Generation/code1/database/Real_BACKGROUND_Parabola_v4/33_7.png', '/home/lds/github/Causality-informed-Generation/code1/database/Real_BACKGROUND_Parabola_v4/2_7.png']","Analyze the provided images and identify causal relationships between the variables. Complete the causality adjacency matrix based on the identified relationships and briefly explain your conclusionsThere are 4 variables: 
1. Deformation of spring
2. Emergence angle
3. Height of highest point
4. Horizontal distance
.
Please fill this causality adjacency matrix:
```
[[_, _, _, _],
 [_, _, _, _],
 [_, _, _, _],
 [_, _, _, _],]
```.
In the matrix, matrix[i][j] = 1 means variable i causes variable j, matrix[i][j] = 0 means there is not direct causal relationship.","To fill out the causality adjacency matrix, let's consider how each variable might affect the others:

1. **Deformation of spring**: This likely affects both the emergence angle and the initial velocity, which in turn affects the height of the highest point and the horizontal distance traveled.

2. **Emergence angle**: This affects the trajectory and thus directly influences both the height of the highest point and the horizontal distance.

3. **Height of highest point**: This is typically a result of the initial conditions (spring deformation and emergence angle) and may not directly cause changes in the other variables.

4. **Horizontal distance**: Similar to the height, it is a result of other factors and doesn't directly cause changes in the other variables.

Based on these relationships:

```
[[0, 1, 1, 1],  # Spring deformation affects the angle, height, and distance
 [0, 0, 1, 1],  # Emergence angle affects the height and distance
 [0, 0, 0, 0],  # Height of the highest point doesn't cause changes
 [0, 0, 0, 0]]  # Horizontal distance doesn't cause changes
```

This matrix reflects the causal relationships: spring deformation and emergence angle directly affect the trajectory outcomes.","[[0, 1, 1, 1], [0, 0, 1, 1], [0, 0, 0, 0], [0, 0, 0, 0]]"
20250126_202416,basic,"['/home/lds/github/Causality-informed-Generation/code1/database/Real_BACKGROUND_Parabola_v4/31_7.png', '/home/lds/github/Causality-informed-Generation/code1/database/Real_BACKGROUND_Parabola_v4/17_7.png', '/home/lds/github/Causality-informed-Generation/code1/database/Real_BACKGROUND_Parabola_v4/20_7.png', '/home/lds/github/Causality-informed-Generation/code1/database/Real_BACKGROUND_Parabola_v4/9_7.png', '/home/lds/github/Causality-informed-Generation/code1/database/Real_BACKGROUND_Parabola_v4/45_7.png', '/home/lds/github/Causality-informed-Generation/code1/database/Real_BACKGROUND_Parabola_v4/49_7.png', '/home/lds/github/Causality-informed-Generation/code1/database/Real_BACKGROUND_Parabola_v4/13_7.png', '/home/lds/github/Causality-informed-Generation/code1/database/Real_BACKGROUND_Parabola_v4/8_7.png', '/home/lds/github/Causality-informed-Generation/code1/database/Real_BACKGROUND_Parabola_v4/33_7.png', '/home/lds/github/Causality-informed-Generation/code1/database/Real_BACKGROUND_Parabola_v4/2_7.png']","Analyze the provided images and identify causal relationships between the variables. Complete the causality adjacency matrix based on the identified relationships and briefly explain your conclusionsThere are 4 variables: 
1. Deformation of spring
2. Emergence angle
3. Height of highest point
4. Horizontal distance
.
Please fill this causality adjacency matrix:
```
[[_, _, _, _],
 [_, _, _, _],
 [_, _, _, _],
 [_, _, _, _],]
```.
In the matrix, matrix[i][j] = 1 means variable i causes variable j, matrix[i][j] = 0 means there is not direct causal relationship.","To fill out the causality adjacency matrix for the given variables related to a projectile launch:

1. **Deformation of spring**: This affects the energy transferred to the projectile and thus its speed, potentially influencing the emergence angle, height, and horizontal distance.

2. **Emergence angle**: This can affect the height of the highest point and the horizontal distance traveled by the projectile.

3. **Height of highest point**: This is influenced by the emergence angle and initial speed given by the spring deformation, but it doesn't causally affect other variables in this context.

4. **Horizontal distance**: This is influenced by the emergence angle and the initial speed, as determined by the deformation of the spring.

Based on these relationships, the matrix would be:

```
[[0, 1, 1, 1],
 [0, 0, 1, 1],
 [0, 0, 0, 0],
 [0, 0, 0, 0]]
```

**Explanations**:
- **Deformation of spring** causes changes in emergence angle, height, and horizontal distance (row 1).
- **Emergence angle** affects both the height and horizontal distance (row 2).
- **Height of highest point** and **Horizontal distance** are outcomes and do not directly cause changes in other variables (rows 3 and 4 are zeros).

This configuration assumes that the deformation directly impacts the angle through the mechanism, as might occur in an experimental setup where adjusting the spring affects these parameters simultaneously.","[[0, 1, 1, 1], [0, 0, 1, 1], [0, 0, 0, 0], [0, 0, 0, 0]]"
20250126_202435,basic,"['/home/lds/github/Causality-informed-Generation/code1/database/Real_BACKGROUND_Parabola_v4/31_7.png', '/home/lds/github/Causality-informed-Generation/code1/database/Real_BACKGROUND_Parabola_v4/17_7.png', '/home/lds/github/Causality-informed-Generation/code1/database/Real_BACKGROUND_Parabola_v4/20_7.png', '/home/lds/github/Causality-informed-Generation/code1/database/Real_BACKGROUND_Parabola_v4/9_7.png', '/home/lds/github/Causality-informed-Generation/code1/database/Real_BACKGROUND_Parabola_v4/45_7.png', '/home/lds/github/Causality-informed-Generation/code1/database/Real_BACKGROUND_Parabola_v4/49_7.png', '/home/lds/github/Causality-informed-Generation/code1/database/Real_BACKGROUND_Parabola_v4/13_7.png', '/home/lds/github/Causality-informed-Generation/code1/database/Real_BACKGROUND_Parabola_v4/8_7.png', '/home/lds/github/Causality-informed-Generation/code1/database/Real_BACKGROUND_Parabola_v4/33_7.png', '/home/lds/github/Causality-informed-Generation/code1/database/Real_BACKGROUND_Parabola_v4/2_7.png']","Analyze the provided images and identify causal relationships between the variables. Complete the causality adjacency matrix based on the identified relationships and briefly explain your conclusionsThere are 4 variables: 
1. Deformation of spring
2. Emergence angle
3. Height of highest point
4. Horizontal distance
.
Please fill this causality adjacency matrix:
```
[[_, _, _, _],
 [_, _, _, _],
 [_, _, _, _],
 [_, _, _, _],]
```.
In the matrix, matrix[i][j] = 1 means variable i causes variable j, matrix[i][j] = 0 means there is not direct causal relationship.","To determine the causality adjacency matrix, we need to consider the relationships between the variables:

1. **Deformation of spring**: Affects the force exerted, influencing the initial velocity and angle of projection.
2. **Emergence angle**: Affects the trajectory, influencing both height and distance.
3. **Height of highest point**: Directly influenced by the emergence angle and initial velocity from spring deformation.
4. **Horizontal distance**: Influenced by initial velocity, emergence angle, and to some extent, height.

Based on typical physics of projectile motion, the causal relationships might be:

- Deformation of spring (1) causes Emergence angle (2) and Horizontal distance (4).
- Emergence angle (2) causes Height of highest point (3) and Horizontal distance (4).
- Height of highest point (3) does not cause other variables directly.
- Horizontal distance (4) does not cause other variables directly.

The causality adjacency matrix is:

```
[[0, 1, 0, 1],
 [0, 0, 1, 1],
 [0, 0, 0, 0],
 [0, 0, 0, 0],]
```

### Explanation:

- **Matrix[0][1] = 1**: Deformation of the spring influences the emergence angle.
- **Matrix[0][3] = 1**: Deformation of the spring influences horizontal distance.
- **Matrix[1][2] = 1**: Emergence angle influences height.
- **Matrix[1][3] = 1**: Emergence angle influences horizontal distance.
- The other entries are 0, indicating no direct causal relationships.","[[0, 1, 0, 1], [0, 0, 1, 1], [0, 0, 0, 0], [0, 0, 0, 0]]"
20250126_202454,basic,"['/home/lds/github/Causality-informed-Generation/code1/database/Real_BACKGROUND_Parabola_v4/31_7.png', '/home/lds/github/Causality-informed-Generation/code1/database/Real_BACKGROUND_Parabola_v4/17_7.png', '/home/lds/github/Causality-informed-Generation/code1/database/Real_BACKGROUND_Parabola_v4/20_7.png', '/home/lds/github/Causality-informed-Generation/code1/database/Real_BACKGROUND_Parabola_v4/9_7.png', '/home/lds/github/Causality-informed-Generation/code1/database/Real_BACKGROUND_Parabola_v4/45_7.png', '/home/lds/github/Causality-informed-Generation/code1/database/Real_BACKGROUND_Parabola_v4/49_7.png', '/home/lds/github/Causality-informed-Generation/code1/database/Real_BACKGROUND_Parabola_v4/13_7.png', '/home/lds/github/Causality-informed-Generation/code1/database/Real_BACKGROUND_Parabola_v4/8_7.png', '/home/lds/github/Causality-informed-Generation/code1/database/Real_BACKGROUND_Parabola_v4/33_7.png', '/home/lds/github/Causality-informed-Generation/code1/database/Real_BACKGROUND_Parabola_v4/2_7.png']","Analyze the provided images and identify causal relationships between the variables. Complete the causality adjacency matrix based on the identified relationships and briefly explain your conclusionsThere are 4 variables: 
1. Deformation of spring
2. Emergence angle
3. Height of highest point
4. Horizontal distance
.
Please fill this causality adjacency matrix:
```
[[_, _, _, _],
 [_, _, _, _],
 [_, _, _, _],
 [_, _, _, _],]
```.
In the matrix, matrix[i][j] = 1 means variable i causes variable j, matrix[i][j] = 0 means there is not direct causal relationship.","To determine the causality adjacency matrix, let's consider the logical relationships between the variables typically involved in projectile motion:

1. **Deformation of spring**: This is a measure of potential energy stored and is related to how much force is applied to the object being projected.
2. **Emergence angle**: The angle at which the object leaves the spring, crucial for determining the trajectory.
3. **Height of highest point**: This is influenced by the initial velocity and the emergence angle.
4. **Horizontal distance**: Also influenced by initial speed and angle.

Based on these considerations:

- The **deformation of the spring** directly affects both the speed (kinetic energy) at launch and, thus, the **height of the highest point** and **horizontal distance**, given a constant angle.
  
- The **emergence angle** directly impacts both the **height of the highest point** and **horizontal distance**. 

- The **height of the highest point** does not causally affect the other variables; it's a result of the launch conditions.

- The **horizontal distance** is similarly a result of the conditions set by other factors and does not directly affect them.

The adjacency matrix reflecting these causal relationships is:

```
[[0, 0, 1, 1],
 [0, 0, 1, 1],
 [0, 0, 0, 0],
 [0, 0, 0, 0]]
```

Explanation:

- Position `[0][2]` and `[0][3]` are `1` because deformation affects the height and distance.
- Position `[1][2]` and `[1][3]` are `1` because the emergence angle affects the height and distance.
- All other positions are `0` because those variables do not directly cause changes in other variables.","[[0, 0, 1, 1], [0, 0, 1, 1], [0, 0, 0, 0], [0, 0, 0, 0]]"
20250126_202506,basic,"['/home/lds/github/Causality-informed-Generation/code1/database/Real_BACKGROUND_Parabola_v4/31_7.png', '/home/lds/github/Causality-informed-Generation/code1/database/Real_BACKGROUND_Parabola_v4/17_7.png', '/home/lds/github/Causality-informed-Generation/code1/database/Real_BACKGROUND_Parabola_v4/20_7.png', '/home/lds/github/Causality-informed-Generation/code1/database/Real_BACKGROUND_Parabola_v4/9_7.png', '/home/lds/github/Causality-informed-Generation/code1/database/Real_BACKGROUND_Parabola_v4/45_7.png', '/home/lds/github/Causality-informed-Generation/code1/database/Real_BACKGROUND_Parabola_v4/49_7.png', '/home/lds/github/Causality-informed-Generation/code1/database/Real_BACKGROUND_Parabola_v4/13_7.png', '/home/lds/github/Causality-informed-Generation/code1/database/Real_BACKGROUND_Parabola_v4/8_7.png', '/home/lds/github/Causality-informed-Generation/code1/database/Real_BACKGROUND_Parabola_v4/33_7.png', '/home/lds/github/Causality-informed-Generation/code1/database/Real_BACKGROUND_Parabola_v4/2_7.png']","Analyze the provided images and identify causal relationships between the variables. Complete the causality adjacency matrix based on the identified relationships and briefly explain your conclusionsThere are 4 variables: 
1. Deformation of spring
2. Emergence angle
3. Height of highest point
4. Horizontal distance
.
Please fill this causality adjacency matrix:
```
[[_, _, _, _],
 [_, _, _, _],
 [_, _, _, _],
 [_, _, _, _],]
```.
In the matrix, matrix[i][j] = 1 means variable i causes variable j, matrix[i][j] = 0 means there is not direct causal relationship.","To determine the causal relationships between the variables involving a spring and projectile motion, we examine the relationships between:

1. Deformation of spring
2. Emergence angle
3. Height of highest point
4. Horizontal distance

### Causality Matrix Explanation

1. **Deformation of Spring**:
   - **Causes Emergence Angle**: The deformation affects the energy imparted, potentially altering the angle of emergence, but typically not a direct factor.
   - **Causes Height of Highest Point**: Greater deformation typically results in a higher projectile as more energy is stored in the spring.
   - **Causes Horizontal Distance**: More spring deformation usually increases the horizontal distance covered due to more energy release.

2. **Emergence Angle**:
   - **Does not cause Deformation**: The angle is more a result of how the spring releases rather than a cause.
   - **Causes Height of Highest Point**: The angle directly affects the trajectory height.
   - **Causes Horizontal Distance**: The angle, along with speed, affects how far the projectile travels horizontally.

3. **Height of Highest Point**:
   - **Does not cause Deformation**: The height is an outcome, not a cause, of deformation.
   - **Does not cause Emergence Angle**: It is determined by the initial conditions, not vice versa.
   - **Does not cause Horizontal Distance**: Similar to other effects, the height affects variables but doesn’t cause the original conditions.

4. **Horizontal Distance**:
   - **Does not cause Deformation**: It is an outcome of deformation and angle.
   - **Does not cause Emergence Angle**: It depends on deformation and angle, not the other way.
   - **Does not cause Height of Highest Point**: Is determined by angle and initial force.

### Completed Matrix:
The causality adjacency matrix is filled based on these observations:

```
[[0, 0, 1, 1],
 [0, 0, 1, 1],
 [0, 0, 0, 0],
 [0, 0, 0, 0],]
```

Explanation:
- Deformation of the spring (variable 1) causes changes in the height of the highest point (variable 3) and horizontal distance (variable 4).
- Emergence angle (variable 2) affects both the height of the highest point (variable 3)","[[0, 0, 1, 1], [0, 0, 1, 1], [0, 0, 0, 0], [0, 0, 0, 0]]"
20250126_202514,basic,"['/home/lds/github/Causality-informed-Generation/code1/database/Real_BACKGROUND_Parabola_v4/31_7.png', '/home/lds/github/Causality-informed-Generation/code1/database/Real_BACKGROUND_Parabola_v4/17_7.png', '/home/lds/github/Causality-informed-Generation/code1/database/Real_BACKGROUND_Parabola_v4/20_7.png', '/home/lds/github/Causality-informed-Generation/code1/database/Real_BACKGROUND_Parabola_v4/9_7.png', '/home/lds/github/Causality-informed-Generation/code1/database/Real_BACKGROUND_Parabola_v4/45_7.png', '/home/lds/github/Causality-informed-Generation/code1/database/Real_BACKGROUND_Parabola_v4/49_7.png', '/home/lds/github/Causality-informed-Generation/code1/database/Real_BACKGROUND_Parabola_v4/13_7.png', '/home/lds/github/Causality-informed-Generation/code1/database/Real_BACKGROUND_Parabola_v4/8_7.png', '/home/lds/github/Causality-informed-Generation/code1/database/Real_BACKGROUND_Parabola_v4/33_7.png', '/home/lds/github/Causality-informed-Generation/code1/database/Real_BACKGROUND_Parabola_v4/2_7.png']","Analyze the provided images and identify causal relationships between the variables. Complete the causality adjacency matrix based on the identified relationships and briefly explain your conclusionsThere are 4 variables: 
1. Deformation of spring
2. Emergence angle
3. Height of highest point
4. Horizontal distance
.
Please fill this causality adjacency matrix:
```
[[_, _, _, _],
 [_, _, _, _],
 [_, _, _, _],
 [_, _, _, _],]
```.
In the matrix, matrix[i][j] = 1 means variable i causes variable j, matrix[i][j] = 0 means there is not direct causal relationship.","To construct the causality adjacency matrix for the given variables in the context of projectile motion with a spring system, we'll consider the relationships based on physics:

1. **Deformation of Spring (1):**
   - This determines the initial potential energy and subsequently the initial velocity upon release.
   - It can influence the *height of highest point* and *horizontal distance*.
   - Does not directly influence *emergence angle*.

2. **Emergence Angle (2):**
   - Primarily affects the trajectory, thereby influencing both the *height of highest point* and *horizontal distance*.
   - Not influenced by spring deformation.

3. **Height of Highest Point (3):**
   - Influenced by *deformation of spring* and *emergence angle*.
   - Does not directly affect other variables.

4. **Horizontal Distance (4):**
   - Influenced by *deformation of spring* and *emergence angle*.
   - Does not directly affect other variables.

Here is the causality adjacency matrix:

```
[[0, 0, 1, 1],
 [0, 0, 1, 1],
 [0, 0, 0, 0],
 [0, 0, 0, 0]]
```

### Explanation:
- **Deformation of Spring (1)** causes **Height of Highest Point (3)** and **Horizontal Distance (4)**.
- **Emergence Angle (2)** causes **Height of Highest Point (3)** and **Horizontal Distance (4)**.
","[[0, 0, 1, 1], [0, 0, 1, 1], [0, 0, 0, 0], [0, 0, 0, 0]]"
