time,imgs,text_prompt,response,matrix
2025-01-03 01:31:06,"['/home/lds/github/Causality-informed-Generation/code1/database/rendered_h4_100x256/20250103_012206.png', '/home/lds/github/Causality-informed-Generation/code1/database/rendered_h4_100x256/20250103_012704.png', '/home/lds/github/Causality-informed-Generation/code1/database/rendered_h4_100x256/20250103_012808.png', '/home/lds/github/Causality-informed-Generation/code1/database/rendered_h4_100x256/20250103_012554.png', '/home/lds/github/Causality-informed-Generation/code1/database/rendered_h4_100x256/20250103_012832.png', '/home/lds/github/Causality-informed-Generation/code1/database/rendered_h4_100x256/20250103_012342.png', '/home/lds/github/Causality-informed-Generation/code1/database/rendered_h4_100x256/20250103_012411.png', '/home/lds/github/Causality-informed-Generation/code1/database/rendered_h4_100x256/20250103_012132.png', '/home/lds/github/Causality-informed-Generation/code1/database/rendered_h4_100x256/20250103_012210.png', '/home/lds/github/Causality-informed-Generation/code1/database/rendered_h4_100x256/20250103_012109.png']","Please analyze the given images and identify any causal relationships present. Provide a brief explanation of the discovered causal relationships to support your conclusions.There are 4 variables: 
1. v_ball
2. h_cylinder
3. d_ball_cylinder
4. cylinder_h_above
.
Please fill this causality adjacency matrix:
[[_, _, _, _],
 [_, _, _, _],
 [_, _, _, _],
 [_, _, _, _],].
In the matrix, matrix[i][j] = 1 means variable i causes variable j, matrix[i][j] = 0 means there is not direct causal relationship.","Here's the causality adjacency matrix and the reasoning behind it:

```
[[0, 0, 0, 0],
 [0, 0, 0, 0],
 [0, 0, 0, 0],
 [1, 1, 0, 0]]
```

**Explanation:**

* **`cylinder_h_above` causes `h_cylinder`:**  The variable `cylinder_h_above` directly determines the `h_cylinder` (height of the cylinder). When `cylinder_h_above` increases, the cylinder becomes taller, representing a direct causal link.

* **`cylinder_h_above` causes `v_ball`:**  The variable `cylinder_h_above` represents the ""vertical"" scale factor that scales both cylinder height and sphere. The sphere is scaled uniformly in all directions. The variable `v_ball` represents the ""vertical"" component of the sphere size which also gets scaled by the `cylinder_h_above`. When `cylinder_h_above` increases, both the cylinder height and vertical dimension of the ball increase. This demonstrates a direct causal link. Although the sphere's overall size changes (not just vertical component), the prompt specifically asks about the `v_ball`.

* **No other causal relationships:** The distance between the ball and cylinder (`d_ball_cylinder`) remains constant throughout the provided frames.  Therefore, it's not causally influenced by any of the other variables. Similarly,  `v_ball` and  `h_cylinder` are independently determined by `cylinder_h_above` and don't influence each other or `d_ball_cylinder`. `cylinder_h_above` is an independent variable itself, and its value gets determined before the other variables.


It's important to note that this analysis is based on the limited information provided in the image sequence.  If there were additional frames or context suggesting different interactions, the causal relationships might change.
","[[0, 0, 0, 0], [0, 0, 0, 0], [0, 0, 0, 0], [1, 1, 0, 0]]"
2025-01-03 01:31:16,"['/home/lds/github/Causality-informed-Generation/code1/database/rendered_h4_100x256/20250103_012142.png', '/home/lds/github/Causality-informed-Generation/code1/database/rendered_h4_100x256/20250103_012800.png', '/home/lds/github/Causality-informed-Generation/code1/database/rendered_h4_100x256/20250103_012549.png', '/home/lds/github/Causality-informed-Generation/code1/database/rendered_h4_100x256/20250103_012932.png', '/home/lds/github/Causality-informed-Generation/code1/database/rendered_h4_100x256/20250103_012914.png', '/home/lds/github/Causality-informed-Generation/code1/database/rendered_h4_100x256/20250103_012640.png', '/home/lds/github/Causality-informed-Generation/code1/database/rendered_h4_100x256/20250103_012413.png', '/home/lds/github/Causality-informed-Generation/code1/database/rendered_h4_100x256/20250103_012155.png', '/home/lds/github/Causality-informed-Generation/code1/database/rendered_h4_100x256/20250103_012528.png', '/home/lds/github/Causality-informed-Generation/code1/database/rendered_h4_100x256/20250103_012448.png']","Please analyze the given images and identify any causal relationships present. Provide a brief explanation of the discovered causal relationships to support your conclusions.There are 4 variables: 
1. v_ball
2. h_cylinder
3. d_ball_cylinder
4. cylinder_h_above
.
Please fill this causality adjacency matrix:
[[_, _, _, _],
 [_, _, _, _],
 [_, _, _, _],
 [_, _, _, _],].
In the matrix, matrix[i][j] = 1 means variable i causes variable j, matrix[i][j] = 0 means there is not direct causal relationship.","Here's the causality adjacency matrix and the reasoning behind it:

```
[[0, 0, 0, 0],
 [0, 0, 0, 0],
 [0, 0, 0, 0],
 [1, 1, 0, 0]]
```

**Explanation:**

* **v_ball (velocity of the ball):** The ball's velocity remains constant throughout the provided images.  Nothing in the scene appears to influence it, so it doesn't cause changes in any other variable.

* **h_cylinder (height of the cylinder):**  The cylinder's height is changing (flat, then short, then tall, then short again). This height directly affects the position of its top surface. However, the cylinder's height changes are seemingly independent and not influenced by the ball's movement or its distance from the cylinder.

* **d_ball_cylinder (distance between ball and cylinder):** The distance between the ball and the cylinder is constant. Neither the cylinder's changing height nor the ball's movement affects this distance.

* **cylinder_h_above (cylinder height above ground):** This is the key causal factor. We observe the cylinder changing heights as if something is animating it from below the surface. The vertical position of the cylinder's visible portion is directly tied to its height. Also, given that the ""top"" of the cylinder seems fixed in place, increasing its overall height results in increasing the visible portion above ground. This supports the causal relationships:
    * `cylinder_h_above` causes `h_cylinder` (1 in the matrix).

Therefore, only `cylinder_h_above` influences other variables in this limited scenario.  There's no evidence that the ball's movement or the distance between the objects affect anything else. The manipulation of the cylinder's height appears to be an external influence.
","[[0, 0, 0, 0], [0, 0, 0, 0], [0, 0, 0, 0], [1, 1, 0, 0]]"
2025-01-03 01:31:25,"['/home/lds/github/Causality-informed-Generation/code1/database/rendered_h4_100x256/20250103_012538.png', '/home/lds/github/Causality-informed-Generation/code1/database/rendered_h4_100x256/20250103_013009.png', '/home/lds/github/Causality-informed-Generation/code1/database/rendered_h4_100x256/20250103_012619.png', '/home/lds/github/Causality-informed-Generation/code1/database/rendered_h4_100x256/20250103_012110.png', '/home/lds/github/Causality-informed-Generation/code1/database/rendered_h4_100x256/20250103_013005.png', '/home/lds/github/Causality-informed-Generation/code1/database/rendered_h4_100x256/20250103_012853.png', '/home/lds/github/Causality-informed-Generation/code1/database/rendered_h4_100x256/20250103_012959.png', '/home/lds/github/Causality-informed-Generation/code1/database/rendered_h4_100x256/20250103_012942.png', '/home/lds/github/Causality-informed-Generation/code1/database/rendered_h4_100x256/20250103_012558.png', '/home/lds/github/Causality-informed-Generation/code1/database/rendered_h4_100x256/20250103_012440.png']","Please analyze the given images and identify any causal relationships present. Provide a brief explanation of the discovered causal relationships to support your conclusions.There are 4 variables: 
1. v_ball
2. h_cylinder
3. d_ball_cylinder
4. cylinder_h_above
.
Please fill this causality adjacency matrix:
[[_, _, _, _],
 [_, _, _, _],
 [_, _, _, _],
 [_, _, _, _],].
In the matrix, matrix[i][j] = 1 means variable i causes variable j, matrix[i][j] = 0 means there is not direct causal relationship.","Here's the causality adjacency matrix and the reasoning behind it:

```
[[0, 0, 0, 0],
 [0, 0, 0, 0],
 [0, 0, 0, 0],
 [1, 1, 0, 0]]
```

**Explanation:**

* **`cylinder_h_above` causes `h_cylinder`:** The height above the ground (`cylinder_h_above`) directly determines the visible height of the cylinder (`h_cylinder`). As the cylinder moves vertically, its visible height changes accordingly.
* **`cylinder_h_above` causes `v_ball`:** The height above ground (`cylinder_h_above`) determines the potential energy of the cylinder.  When the cylinder falls (due to change in `cylinder_h_above`), its potential energy converts to kinetic energy. This kinetic energy appears to cause a change the vertical position (`v_ball`) of the ball when they 'collide'. This suggests a causal link, although it's mediated through other factors not explicitly represented (like collision physics).

* **Other relationships:**  There's no direct causal link between `d_ball_cylinder` and any other variable observable in the provided images. The distance appears constant.  Similarly, the ball's vertical position (`v_ball`) and the cylinder's height (`h_cylinder`) don't directly influence each other or the other variables based solely on this limited observation. The cylinder and ball do not seem to interact in a way that meaningfully changes the distance between them.


It's important to note that this analysis is based on a simplified interpretation of the given visuals. A more complex physical simulation might reveal more nuanced interactions and dependencies, especially with regard to `v_ball`. However, based on what is presented, the simplified model above represents the most direct causal relationships observable.
","[[0, 0, 0, 0], [0, 0, 0, 0], [0, 0, 0, 0], [1, 1, 0, 0]]"
2025-01-03 01:31:33,"['/home/lds/github/Causality-informed-Generation/code1/database/rendered_h4_100x256/20250103_012936.png', '/home/lds/github/Causality-informed-Generation/code1/database/rendered_h4_100x256/20250103_012855.png', '/home/lds/github/Causality-informed-Generation/code1/database/rendered_h4_100x256/20250103_012717.png', '/home/lds/github/Causality-informed-Generation/code1/database/rendered_h4_100x256/20250103_012258.png', '/home/lds/github/Causality-informed-Generation/code1/database/rendered_h4_100x256/20250103_012821.png', '/home/lds/github/Causality-informed-Generation/code1/database/rendered_h4_100x256/20250103_012535.png', '/home/lds/github/Causality-informed-Generation/code1/database/rendered_h4_100x256/20250103_013047.png', '/home/lds/github/Causality-informed-Generation/code1/database/rendered_h4_100x256/20250103_012439.png', '/home/lds/github/Causality-informed-Generation/code1/database/rendered_h4_100x256/20250103_012350.png', '/home/lds/github/Causality-informed-Generation/code1/database/rendered_h4_100x256/20250103_012641.png']","Please analyze the given images and identify any causal relationships present. Provide a brief explanation of the discovered causal relationships to support your conclusions.There are 4 variables: 
1. v_ball
2. h_cylinder
3. d_ball_cylinder
4. cylinder_h_above
.
Please fill this causality adjacency matrix:
[[_, _, _, _],
 [_, _, _, _],
 [_, _, _, _],
 [_, _, _, _],].
In the matrix, matrix[i][j] = 1 means variable i causes variable j, matrix[i][j] = 0 means there is not direct causal relationship.","The causal relationship in this system stems from the height of the cylinder influencing its horizontal position. When the cylinder falls, it also moves horizontally toward the ball. This horizontal movement is a direct consequence of the change in the cylinder's height (from standing to lying down).

Here's why the other relationships are *not* causal:

* **v_ball (ball velocity) does not cause any changes in the other variables.**  The ball remains stationary throughout the sequence.
* **d_ball_cylinder (distance between ball and cylinder) is affected by the cylinder's movement,** but it doesn't *cause* any changes.  The distance decreases as a *result* of the cylinder falling and moving horizontally.
* **cylinder_h_above (cylinder height above the ground) changes,** causing the horizontal movement, but it is not influenced by any of the other variables. The cylinder's fall is seemingly self-initiated (or perhaps triggered by something outside the observed variables).


Thus, the causality adjacency matrix is:

```
[[0, 0, 0, 0],
 [0, 0, 1, 0],
 [0, 0, 0, 0],
 [0, 0, 0, 0]]
```

Only `matrix[1][2] = 1` because `h_cylinder` (cylinder height) causes `d_ball_cylinder` (distance between ball and cylinder) to change.
","[[0, 0, 0, 0], [0, 0, 1, 0], [0, 0, 0, 0], [0, 0, 0, 0]]"
2025-01-03 01:31:41,"['/home/lds/github/Causality-informed-Generation/code1/database/rendered_h4_100x256/20250103_012628.png', '/home/lds/github/Causality-informed-Generation/code1/database/rendered_h4_100x256/20250103_013001.png', '/home/lds/github/Causality-informed-Generation/code1/database/rendered_h4_100x256/20250103_013014.png', '/home/lds/github/Causality-informed-Generation/code1/database/rendered_h4_100x256/20250103_012514.png', '/home/lds/github/Causality-informed-Generation/code1/database/rendered_h4_100x256/20250103_012756.png', '/home/lds/github/Causality-informed-Generation/code1/database/rendered_h4_100x256/20250103_012224.png', '/home/lds/github/Causality-informed-Generation/code1/database/rendered_h4_100x256/20250103_013036.png', '/home/lds/github/Causality-informed-Generation/code1/database/rendered_h4_100x256/20250103_012609.png', '/home/lds/github/Causality-informed-Generation/code1/database/rendered_h4_100x256/20250103_012731.png', '/home/lds/github/Causality-informed-Generation/code1/database/rendered_h4_100x256/20250103_013042.png']","Please analyze the given images and identify any causal relationships present. Provide a brief explanation of the discovered causal relationships to support your conclusions.There are 4 variables: 
1. v_ball
2. h_cylinder
3. d_ball_cylinder
4. cylinder_h_above
.
Please fill this causality adjacency matrix:
[[_, _, _, _],
 [_, _, _, _],
 [_, _, _, _],
 [_, _, _, _],].
In the matrix, matrix[i][j] = 1 means variable i causes variable j, matrix[i][j] = 0 means there is not direct causal relationship.","The causal relationship is primarily driven by changes to the height of the cylinder (h_cylinder), which in turn causes changes to the height above the ground (cylinder_h_above).  The other variables do not directly influence each other. Here's the breakdown and the matrix:

* **h_cylinder causes cylinder_h_above:**  As the cylinder's height (h_cylinder) increases or decreases, the height of its top surface above the ground (cylinder_h_above) directly changes correspondingly. This is a direct physical relationship.

* **v_ball does NOT cause any other variable:** The ball's velocity (v_ball) is constant and unaffected by the cylinder's changes in these clips.

* **d_ball_cylinder does NOT cause any other variable:** The distance between the ball and the cylinder (d_ball_cylinder) remains constant and does not influence any other variables.

* **cylinder_h_above does NOT cause any other variable:** While cylinder_h_above is affected by h_cylinder, it doesn't cause changes in any of the other variables.

Therefore, the causality adjacency matrix is:

```
[[0, 0, 0, 0],
 [0, 0, 0, 1],
 [0, 0, 0, 0],
 [0, 0, 0, 0]]
```
","[[0, 0, 0, 0], [0, 0, 0, 1], [0, 0, 0, 0], [0, 0, 0, 0]]"
2025-01-03 01:31:49,"['/home/lds/github/Causality-informed-Generation/code1/database/rendered_h4_100x256/20250103_012816.png', '/home/lds/github/Causality-informed-Generation/code1/database/rendered_h4_100x256/20250103_012351.png', '/home/lds/github/Causality-informed-Generation/code1/database/rendered_h4_100x256/20250103_013055.png', '/home/lds/github/Causality-informed-Generation/code1/database/rendered_h4_100x256/20250103_012811.png', '/home/lds/github/Causality-informed-Generation/code1/database/rendered_h4_100x256/20250103_012515.png', '/home/lds/github/Causality-informed-Generation/code1/database/rendered_h4_100x256/20250103_012753.png', '/home/lds/github/Causality-informed-Generation/code1/database/rendered_h4_100x256/20250103_012335.png', '/home/lds/github/Causality-informed-Generation/code1/database/rendered_h4_100x256/20250103_012953.png', '/home/lds/github/Causality-informed-Generation/code1/database/rendered_h4_100x256/20250103_012647.png', '/home/lds/github/Causality-informed-Generation/code1/database/rendered_h4_100x256/20250103_012959.png']","Please analyze the given images and identify any causal relationships present. Provide a brief explanation of the discovered causal relationships to support your conclusions.There are 4 variables: 
1. v_ball
2. h_cylinder
3. d_ball_cylinder
4. cylinder_h_above
.
Please fill this causality adjacency matrix:
[[_, _, _, _],
 [_, _, _, _],
 [_, _, _, _],
 [_, _, _, _],].
In the matrix, matrix[i][j] = 1 means variable i causes variable j, matrix[i][j] = 0 means there is not direct causal relationship.","Here's the causality adjacency matrix and the reasoning behind it:

```
[[0, 0, 0, 0],
 [1, 0, 0, 0],
 [0, 0, 0, 0],
 [1, 0, 0, 0]]
```

**Explanation:**

* **`v_ball` (velocity of the ball):**  The ball's velocity doesn't seem to affect any other variables. It moves independently.
* **`h_cylinder` (height of the cylinder):** The cylinder's height changes based on the ball's vertical position (`v_ball`). As the ball moves up or down, the cylinder stretches or compresses along its vertical axis. This indicates a direct causal relationship where `v_ball` causes `h_cylinder`.
* **`d_ball_cylinder` (distance between ball and cylinder):**  The distance remains constant throughout the provided frames.  Neither the ball's velocity nor the cylinder's height affects this distance, suggesting no direct causal relationship involving this variable.
* **`cylinder_h_above` (cylinder's height above the ground):** Similar to `h_cylinder`, the cylinder's height above the ground is influenced by the ball's vertical position (`v_ball`). As the ball rises, the entire cylinder seems to rise with it. This signifies that `v_ball` causes `cylinder_h_above`.

**In summary:** The ball's vertical movement drives the changes in the cylinder's height and its height above the ground. The distance between them remains unaffected. No other causal relationships are observed within the given limited context.
","[[0, 0, 0, 0], [1, 0, 0, 0], [0, 0, 0, 0], [1, 0, 0, 0]]"
2025-01-03 01:32:01,"['/home/lds/github/Causality-informed-Generation/code1/database/rendered_h4_100x256/20250103_012337.png', '/home/lds/github/Causality-informed-Generation/code1/database/rendered_h4_100x256/20250103_012436.png', '/home/lds/github/Causality-informed-Generation/code1/database/rendered_h4_100x256/20250103_012136.png', '/home/lds/github/Causality-informed-Generation/code1/database/rendered_h4_100x256/20250103_012217.png', '/home/lds/github/Causality-informed-Generation/code1/database/rendered_h4_100x256/20250103_012643.png', '/home/lds/github/Causality-informed-Generation/code1/database/rendered_h4_100x256/20250103_013015.png', '/home/lds/github/Causality-informed-Generation/code1/database/rendered_h4_100x256/20250103_012339.png', '/home/lds/github/Causality-informed-Generation/code1/database/rendered_h4_100x256/20250103_012615.png', '/home/lds/github/Causality-informed-Generation/code1/database/rendered_h4_100x256/20250103_012804.png', '/home/lds/github/Causality-informed-Generation/code1/database/rendered_h4_100x256/20250103_012137.png']","Please analyze the given images and identify any causal relationships present. Provide a brief explanation of the discovered causal relationships to support your conclusions.There are 4 variables: 
1. v_ball
2. h_cylinder
3. d_ball_cylinder
4. cylinder_h_above
.
Please fill this causality adjacency matrix:
[[_, _, _, _],
 [_, _, _, _],
 [_, _, _, _],
 [_, _, _, _],].
In the matrix, matrix[i][j] = 1 means variable i causes variable j, matrix[i][j] = 0 means there is not direct causal relationship.","The causal relationships in this scenario are tricky to determine definitively from the provided short video, as it only showcases correlations, not manipulations of the variables. However, we can make some educated guesses based on general physics principles:

**Analysis:**

* **`h_cylinder` likely influences `cylinder_h_above`:** The height of the cylinder (`h_cylinder`) directly contributes to how far above the ground its top surface is (`cylinder_h_above`). As `h_cylinder` increases, `cylinder_h_above` also increases.  This assumes the cylinder's base is fixed to the ground.

* **No clear direct causal relationship between other variables:** Changes in `v_ball` (ball's velocity) and `d_ball_cylinder` (distance between ball and cylinder) do not appear to *directly* cause changes in the cylinder's height (`h_cylinder` or `cylinder_h_above`).  Similarly, the cylinder's height doesn't appear to affect the ball's velocity or its distance from the cylinder in the given frames.


**Causality Adjacency Matrix:**

```
[[0, 0, 0, 0],
 [0, 0, 0, 1],
 [0, 0, 0, 0],
 [0, 0, 0, 0]]
```

**Important Considerations:**

* **Limited information:** The brief video doesn't provide enough information to be totally certain about causal relationships.  We would need to see experiments where we actively manipulate each variable (e.g., changing the cylinder's height, the ball's initial velocity, or the initial distance) and observing the effect on other variables to be more confident.

* **Potential indirect relationships:** While there's no apparent *direct* causal relationship between `v_ball`, `d_ball_cylinder` and other variables in the provided frames, there could be indirect relationships or relationships that are not apparent without further experimentation. For instance, if the ball were to collide with the cylinder, then `v_ball` *could* potentially affect `cylinder_h_above` if the collision were to knock the cylinder over. However, this is not observed in the short provided clip.


Therefore, the matrix represents our best guess based on limited observational data and assuming general physical principles.  More controlled experiments would be needed to confirm these relationships or uncover hidden ones. 
","[[0, 0, 0, 0], [0, 0, 0, 1], [0, 0, 0, 0], [0, 0, 0, 0]]"
2025-01-03 01:32:10,"['/home/lds/github/Causality-informed-Generation/code1/database/rendered_h4_100x256/20250103_012501.png', '/home/lds/github/Causality-informed-Generation/code1/database/rendered_h4_100x256/20250103_012402.png', '/home/lds/github/Causality-informed-Generation/code1/database/rendered_h4_100x256/20250103_012421.png', '/home/lds/github/Causality-informed-Generation/code1/database/rendered_h4_100x256/20250103_012915.png', '/home/lds/github/Causality-informed-Generation/code1/database/rendered_h4_100x256/20250103_012704.png', '/home/lds/github/Causality-informed-Generation/code1/database/rendered_h4_100x256/20250103_012505.png', '/home/lds/github/Causality-informed-Generation/code1/database/rendered_h4_100x256/20250103_012823.png', '/home/lds/github/Causality-informed-Generation/code1/database/rendered_h4_100x256/20250103_012403.png', '/home/lds/github/Causality-informed-Generation/code1/database/rendered_h4_100x256/20250103_012918.png', '/home/lds/github/Causality-informed-Generation/code1/database/rendered_h4_100x256/20250103_012125.png']","Please analyze the given images and identify any causal relationships present. Provide a brief explanation of the discovered causal relationships to support your conclusions.There are 4 variables: 
1. v_ball
2. h_cylinder
3. d_ball_cylinder
4. cylinder_h_above
.
Please fill this causality adjacency matrix:
[[_, _, _, _],
 [_, _, _, _],
 [_, _, _, _],
 [_, _, _, _],].
In the matrix, matrix[i][j] = 1 means variable i causes variable j, matrix[i][j] = 0 means there is not direct causal relationship.","Here's the causality adjacency matrix and the reasoning behind it:

```
[[0, 0, 0, 0],
 [0, 0, 0, 0],
 [0, 0, 0, 0],
 [1, 1, 0, 0],]
```

**Explanation of Causal Relationships:**

* **`cylinder_h_above` causes `h_cylinder`:** The variable `cylinder_h_above` directly controls the height of the cylinder (`h_cylinder`).  When `cylinder_h_above` increases, the cylinder becomes taller, and when it decreases, the cylinder becomes shorter or even flattens into a disc. This is a direct manipulation observed in the video.

* **`cylinder_h_above` causes `d_ball_cylinder`:** The height of the cylinder above the ground (`cylinder_h_above`) affects the perceived distance between the ball and the cylinder (`d_ball_cylinder`). As the cylinder flattens, the apparent distance between the top surface of the cylinder and the ball decreases. It is important to clarify that this is about *perceived* distance in the 2D projection, not necessarily the true 3D distance.

* **No other direct causal relationships are observed:** The ball's vertical position (`v_ball`) does not appear to influence any of the other variables. Similarly, the cylinder's height (`h_cylinder`) and the ball-cylinder distance (`d_ball_cylinder`) do not directly cause changes in any other variables within the limited context of the video.


It's important to note that this analysis is based on the provided visual information.  If there were other underlying mechanisms or forces not visible in the video, the causal relationships could be different.
","[[0, 0, 0, 0], [0, 0, 0, 0], [0, 0, 0, 0], [1, 1, 0, 0]]"
2025-01-03 01:32:18,"['/home/lds/github/Causality-informed-Generation/code1/database/rendered_h4_100x256/20250103_012807.png', '/home/lds/github/Causality-informed-Generation/code1/database/rendered_h4_100x256/20250103_012910.png', '/home/lds/github/Causality-informed-Generation/code1/database/rendered_h4_100x256/20250103_012114.png', '/home/lds/github/Causality-informed-Generation/code1/database/rendered_h4_100x256/20250103_013041.png', '/home/lds/github/Causality-informed-Generation/code1/database/rendered_h4_100x256/20250103_012117.png', '/home/lds/github/Causality-informed-Generation/code1/database/rendered_h4_100x256/20250103_012719.png', '/home/lds/github/Causality-informed-Generation/code1/database/rendered_h4_100x256/20250103_012652.png', '/home/lds/github/Causality-informed-Generation/code1/database/rendered_h4_100x256/20250103_012405.png', '/home/lds/github/Causality-informed-Generation/code1/database/rendered_h4_100x256/20250103_012802.png', '/home/lds/github/Causality-informed-Generation/code1/database/rendered_h4_100x256/20250103_012431.png']","Please analyze the given images and identify any causal relationships present. Provide a brief explanation of the discovered causal relationships to support your conclusions.There are 4 variables: 
1. v_ball
2. h_cylinder
3. d_ball_cylinder
4. cylinder_h_above
.
Please fill this causality adjacency matrix:
[[_, _, _, _],
 [_, _, _, _],
 [_, _, _, _],
 [_, _, _, _],].
In the matrix, matrix[i][j] = 1 means variable i causes variable j, matrix[i][j] = 0 means there is not direct causal relationship.","The causal relationships in this simple physics simulation are straightforward:

* **`h_cylinder` causes `cylinder_h_above`**:  The height of the cylinder directly determines how far its top surface is above the ground plane.  A taller cylinder will have a larger `cylinder_h_above` value.

* **`h_cylinder` causes `d_ball_cylinder`**: The height of the cylinder influences the distance between the ball and the cylinder. As the cylinder's height increases, it pushes the ball further away, increasing `d_ball_cylinder`.

Here's the causality adjacency matrix:

```
[[0, 0, 0, 0],
 [0, 0, 1, 1],
 [0, 0, 0, 0],
 [0, 0, 0, 0]]
```

**Explanation of why other relationships are not causal:**

* **`v_ball` doesn't cause any other variable:** The ball's size is constant and doesn't affect the cylinder or the distances.
* **`d_ball_cylinder` doesn't cause any other variable:** The distance is a consequence of the cylinder's height, not a cause of anything.
* **`cylinder_h_above` doesn't cause any other variable:** Similar to the distance, the cylinder's height above the ground is a result, not a cause.


It's important to note that this is a simplified representation. In a more complex simulation, if the ball could collide with and move the cylinder, then `v_ball` could potentially have causal effects. But within the constraints of the provided images and descriptions, these are the only direct causal relationships.","[[0, 0, 0, 0], [0, 0, 1, 1], [0, 0, 0, 0], [0, 0, 0, 0]]"
2025-01-03 01:32:27,"['/home/lds/github/Causality-informed-Generation/code1/database/rendered_h4_100x256/20250103_012147.png', '/home/lds/github/Causality-informed-Generation/code1/database/rendered_h4_100x256/20250103_012130.png', '/home/lds/github/Causality-informed-Generation/code1/database/rendered_h4_100x256/20250103_012523.png', '/home/lds/github/Causality-informed-Generation/code1/database/rendered_h4_100x256/20250103_012546.png', '/home/lds/github/Causality-informed-Generation/code1/database/rendered_h4_100x256/20250103_012944.png', '/home/lds/github/Causality-informed-Generation/code1/database/rendered_h4_100x256/20250103_012851.png', '/home/lds/github/Causality-informed-Generation/code1/database/rendered_h4_100x256/20250103_012216.png', '/home/lds/github/Causality-informed-Generation/code1/database/rendered_h4_100x256/20250103_012445.png', '/home/lds/github/Causality-informed-Generation/code1/database/rendered_h4_100x256/20250103_012605.png', '/home/lds/github/Causality-informed-Generation/code1/database/rendered_h4_100x256/20250103_013008.png']","Please analyze the given images and identify any causal relationships present. Provide a brief explanation of the discovered causal relationships to support your conclusions.There are 4 variables: 
1. v_ball
2. h_cylinder
3. d_ball_cylinder
4. cylinder_h_above
.
Please fill this causality adjacency matrix:
[[_, _, _, _],
 [_, _, _, _],
 [_, _, _, _],
 [_, _, _, _],].
In the matrix, matrix[i][j] = 1 means variable i causes variable j, matrix[i][j] = 0 means there is not direct causal relationship.","Here's the causality adjacency matrix and the reasoning behind it:

```
[[0, 0, 0, 0],
 [0, 0, 0, 0],
 [0, 0, 0, 0],
 [1, 1, 0, 0],]
```

**Explanation:**

* **`v_ball` (ball's vertical position):** The ball's vertical position doesn't directly influence any of the other variables.  It simply reflects where the ball is in space.

* **`h_cylinder` (cylinder's height):**  The cylinder's height is a property set externally. It doesn't depend on the other variables.

* **`d_ball_cylinder` (distance between ball and cylinder):** The distance is a consequence of the ball and cylinder's positions, not a cause of them.

* **`cylinder_h_above` (how much the cylinder hovers above the ground):** This is the key causal factor.  It determines both the `v_ball` (the ball rests on top of the cylinder) and `h_cylinder` (as `cylinder_h_above` changes, the cylinder stretches or compresses to maintain contact with the ground and the ball resting on top).  `cylinder_h_above` doesn't depend on the horizontal distance between the objects.


Therefore, `cylinder_h_above` influences both  `v_ball` and `h_cylinder`, leading to the 1s in the fourth row of the matrix. The other entries are 0, indicating no direct causal relationships.
","[[0, 0, 0, 0], [0, 0, 0, 0], [0, 0, 0, 0], [1, 1, 0, 0]]"
