timestamp,prompt_type,message,response,matrix
20250123_142535,basic,"Analyze the provided images and identify causal relationships between the variables. Complete the causality adjacency matrix based on the identified relationships and briefly explain your conclusionsThere are 3 variables: 
1. left_force
2. right_force
3. Seesaw Moment (tilt side)
.
Please fill this causality adjacency matrix:
```
[[_, _, _],
 [_, _, _],
 [_, _, _],]
```.
In the matrix, matrix[i][j] = 1 means variable i causes variable j, matrix[i][j] = 0 means there is not direct causal relationship.","To determine the causal relationships between the variables:

1. **left_force**
2. **right_force**
3. **Seesaw Moment (tilt side)**

Based on the concept of a seesaw, the forces (left_force and right_force) will affect the seesaw moment (tilt side). The moment or tilt is a result of the balance or imbalance of these forces.

Here's the causality adjacency matrix:

```
[[0, 0, 1],
 [0, 0, 1],
 [0, 0, 0]]
```

**Explanation:**

- **left_force** and **right_force** both cause changes in the **Seesaw Moment**. Thus, they both have a causal relationship towards the seesaw's tilt side.
- The **Seesaw Moment** doesn't directly cause changes in either **left_force** or **right_force**.","[[0, 0, 1], [0, 0, 1], [0, 0, 0]]"
20250123_142552,basic,"Analyze the provided images and identify causal relationships between the variables. Complete the causality adjacency matrix based on the identified relationships and briefly explain your conclusionsThere are 3 variables: 
1. left_force
2. right_force
3. Seesaw Moment (tilt side)
.
Please fill this causality adjacency matrix:
```
[[_, _, _],
 [_, _, _],
 [_, _, _],]
```.
In the matrix, matrix[i][j] = 1 means variable i causes variable j, matrix[i][j] = 0 means there is not direct causal relationship.","To determine the causality adjacency matrix, let's analyze the relationship between the variables:

1. **left_force** and **right_force** cause the **Seesaw Moment (tilt side)**:
   - The tilting of the seesaw depends on the balance between the forces on the left and right. Therefore, changes in `left_force` and `right_force` directly affect the seesaw's tilt.

Given this reasoning, the causality adjacency matrix is:

```
[[0, 0, 1],
 [0, 0, 1],
 [0, 0, 0]]
```

Explanation:
- `left_force` and `right_force` each cause `Seesaw Moment`, hence the '1's in the third column.
- There are no direct causal relationships from `Seesaw Moment` back to the forces or between the forces themselves, so other entries are '0'.","[[0, 0, 1], [0, 0, 1], [0, 0, 0]]"
20250123_142600,basic,"Analyze the provided images and identify causal relationships between the variables. Complete the causality adjacency matrix based on the identified relationships and briefly explain your conclusionsThere are 3 variables: 
1. left_force
2. right_force
3. Seesaw Moment (tilt side)
.
Please fill this causality adjacency matrix:
```
[[_, _, _],
 [_, _, _],
 [_, _, _],]
```.
In the matrix, matrix[i][j] = 1 means variable i causes variable j, matrix[i][j] = 0 means there is not direct causal relationship.","To determine the causal relationships, we can analyze how the forces affect the seesaw's moment (tilt side).

1. **left_force** and **right_force** influence the **Seesaw Moment (tilt side)**:
   - The side of the seesaw that exerts a greater force will tilt downwards.

2. **Seesaw Moment (tilt side)** does not causally affect **left_force** or **right_force** directly.

The causality adjacency matrix can be filled in accordingly:

```
[[0, 0, 1],
 [0, 0, 1],
 [0, 0, 0]]
```

**Explanation**:
- `left_force` causes a change in `Seesaw Moment` (1 in the third column).
- `right_force` causes a change in `Seesaw Moment` (1 in the third column).
- There is no indication that `Seesaw Moment` directly causes changes in `left_force` or `right_force`.","[[0, 0, 1], [0, 0, 1], [0, 0, 0]]"
20250123_142609,basic,"Analyze the provided images and identify causal relationships between the variables. Complete the causality adjacency matrix based on the identified relationships and briefly explain your conclusionsThere are 3 variables: 
1. left_force
2. right_force
3. Seesaw Moment (tilt side)
.
Please fill this causality adjacency matrix:
```
[[_, _, _],
 [_, _, _],
 [_, _, _],]
```.
In the matrix, matrix[i][j] = 1 means variable i causes variable j, matrix[i][j] = 0 means there is not direct causal relationship.","To fill the causality adjacency matrix, we need to consider how each variable affects the others:

1. **left_force** and **right_force** will directly affect the **Seesaw Moment (tilt side)**. The greater the force on one side, the more the seesaw will tilt towards the opposite side.

2. **Seesaw Moment (tilt side)** does not directly affect the **left_force** or **right_force** unless there is an external mechanism changing forces based on the tilt, which is not implied by typical seesaw dynamics.

Thus, the causality adjacency matrix would be:

```
[[0, 0, 1],
 [0, 0, 1],
 [0, 0, 0]]
```

Explanation:
- `left_force` causes `Seesaw Moment`, so matrix[0][2] = 1.
- `right_force` causes `Seesaw Moment`, so matrix[1][2] = 1.
- There are no reverse causalities in this setup, so other elements remain 0.","[[0, 0, 1], [0, 0, 1], [0, 0, 0]]"
20250123_142619,basic,"Analyze the provided images and identify causal relationships between the variables. Complete the causality adjacency matrix based on the identified relationships and briefly explain your conclusionsThere are 3 variables: 
1. left_force
2. right_force
3. Seesaw Moment (tilt side)
.
Please fill this causality adjacency matrix:
```
[[_, _, _],
 [_, _, _],
 [_, _, _],]
```.
In the matrix, matrix[i][j] = 1 means variable i causes variable j, matrix[i][j] = 0 means there is not direct causal relationship.","To determine the causal relationships, let's analyze the scenario:

1. **left_force** and **right_force** are forces applied on the seesaw.
2. **Seesaw Moment (tilt side)** is the outcome based on the differences between these forces.

### Analysis:

- **left_force** and **right_force** directly affect the **Seesaw Moment**.
- Changes in **left_force** or **right_force** do not directly affect each other.

With this analysis, the causality adjacency matrix would be:

```
[[0, 0, 1],
 [0, 0, 1],
 [0, 0, 0]]
```

### Explanation:

- `left_force` causes the `Seesaw Moment`: [1, 0, 1]
- `right_force` causes the `Seesaw Moment`: [0, 1, 1]
- There are no direct causal relationships among `left_force` and `right_force`: [0, 0, _]","[[0, 0, 1], [0, 0, 1], [0, 0, 0]]"
20250123_142626,basic,"Analyze the provided images and identify causal relationships between the variables. Complete the causality adjacency matrix based on the identified relationships and briefly explain your conclusionsThere are 3 variables: 
1. left_force
2. right_force
3. Seesaw Moment (tilt side)
.
Please fill this causality adjacency matrix:
```
[[_, _, _],
 [_, _, _],
 [_, _, _],]
```.
In the matrix, matrix[i][j] = 1 means variable i causes variable j, matrix[i][j] = 0 means there is not direct causal relationship.","To determine the causal relationships, we consider how the forces affect the tilt of the seesaw:

- Both **left_force** and **right_force** directly affect the **Seesaw Moment (tilt side)**. As the force on one side increases, the seesaw tilts toward the other side.
- The **Seesaw Moment (tilt side)** does not have a direct causal effect on the forces being applied; it is a result, not a cause.

With these relationships in mind, the causality adjacency matrix is:

```
[[0, 0, 1],
 [0, 0, 1],
 [0, 0, 0],]
```

**Explanation**:
- `left_force` causes a change in `Seesaw Moment`, therefore, the third column in the first row is 1.
- `right_force` causes a change in `Seesaw Moment`, so the third column in the second row is 1.
- `Seesaw Moment` doesn't cause either force, so the third row contains only zeros.","[[0, 0, 1], [0, 0, 1], [0, 0, 0]]"
20250123_142635,basic,"Analyze the provided images and identify causal relationships between the variables. Complete the causality adjacency matrix based on the identified relationships and briefly explain your conclusionsThere are 3 variables: 
1. left_force
2. right_force
3. Seesaw Moment (tilt side)
.
Please fill this causality adjacency matrix:
```
[[_, _, _],
 [_, _, _],
 [_, _, _],]
```.
In the matrix, matrix[i][j] = 1 means variable i causes variable j, matrix[i][j] = 0 means there is not direct causal relationship.","To fill in the causality adjacency matrix, we need to identify which variables directly cause changes in others. In the context of a seesaw:

1. **left_force** and **right_force** directly influence the **Seesaw Moment (tilt side)**, as applying force on either side will cause the seesaw to tilt correspondingly.
2. The **Seesaw Moment (tilt side)** does not directly cause changes in **left_force** or **right_force**; rather, it is a result of the forces applied.

So, the causality adjacency matrix is:

```
[[0, 0, 1],
 [0, 0, 1],
 [0, 0, 0]]
```

Explanation:

- `left_force` causes a change in the **Seesaw Moment (tilt side)**.
- `right_force` causes a change in the **Seesaw Moment (tilt side)**.
- There is no inverse causation where the **Seesaw Moment (tilt side)** affects the forces directly.","[[0, 0, 1], [0, 0, 1], [0, 0, 0]]"
20250123_142646,basic,"Analyze the provided images and identify causal relationships between the variables. Complete the causality adjacency matrix based on the identified relationships and briefly explain your conclusionsThere are 3 variables: 
1. left_force
2. right_force
3. Seesaw Moment (tilt side)
.
Please fill this causality adjacency matrix:
```
[[_, _, _],
 [_, _, _],
 [_, _, _],]
```.
In the matrix, matrix[i][j] = 1 means variable i causes variable j, matrix[i][j] = 0 means there is not direct causal relationship.","To determine the causal relationships, let's consider the variables:

1. **left_force**
2. **right_force**
3. **Seesaw Moment (tilt side)**

The seesaw tilt is a result of the forces applied on either side. Hence:
- Changes in **left_force** and **right_force** will cause the **Seesaw Moment**.
- The **Seesaw Moment** itself does not directly affect the forces applied.

Thus, the causality adjacency matrix is:

```
[[0, 0, 1],
 [0, 0, 1],
 [0, 0, 0]]
```

### Explanation:

- **left_force** causes **Seesaw Moment**: When the force on the left changes, it affects the tilt.
- **right_force** causes **Seesaw Moment**: When the force on the right changes, it affects the tilt.
- **Seesaw Moment** is caused by the forces and does not cause them directly.","[[0, 0, 1], [0, 0, 1], [0, 0, 0]]"
20250123_142708,basic,"Analyze the provided images and identify causal relationships between the variables. Complete the causality adjacency matrix based on the identified relationships and briefly explain your conclusionsThere are 3 variables: 
1. left_force
2. right_force
3. Seesaw Moment (tilt side)
.
Please fill this causality adjacency matrix:
```
[[_, _, _],
 [_, _, _],
 [_, _, _],]
```.
In the matrix, matrix[i][j] = 1 means variable i causes variable j, matrix[i][j] = 0 means there is not direct causal relationship.","To fill out the causality adjacency matrix, consider the relationships between the forces on the left and right, and how they affect the seesaw's moment or tilt side:

1. **left_force** and **right_force** both affect the **Seesaw Moment (tilt side)**.
2. The **Seesaw Moment (tilt side)** does not directly cause the forces on the left or right, assuming we are modeling the causality as external forces applied to the seesaw.
3. There is no direct causal relationship between **left_force** and **right_force** unless mediated through the seesaw's moment.

Based on this analysis, the adjacency matrix would be:

```
[[0, 0, 1],
 [0, 0, 1],
 [0, 0, 0]]
```
Explanation:
- `left_force` and `right_force` directly cause the `Seesaw Moment (tilt side)`, hence the 1s in the third column for the first two rows.
- No variable directly affects `left_force` or `right_force` in the model, hence the 0s elsewhere.","[[0, 0, 1], [0, 0, 1], [0, 0, 0]]"
20250123_142716,basic,"Analyze the provided images and identify causal relationships between the variables. Complete the causality adjacency matrix based on the identified relationships and briefly explain your conclusionsThere are 3 variables: 
1. left_force
2. right_force
3. Seesaw Moment (tilt side)
.
Please fill this causality adjacency matrix:
```
[[_, _, _],
 [_, _, _],
 [_, _, _],]
```.
In the matrix, matrix[i][j] = 1 means variable i causes variable j, matrix[i][j] = 0 means there is not direct causal relationship.","To analyze the causal relationships between the three variables, consider how a seesaw works:

1. **Left Force and Right Force**: The forces applied on the seesaw cause it to tilt in one direction or the other. These forces influence which side of the seesaw tilts down (the ""Seesaw Moment"").

2. **Seesaw Moment (tilt side)**: This is the result of the balance of left and right forces. It does not directly influence the forces themselves; rather, it is a consequence of them.

Based on this understanding, the causality adjacency matrix would be:

```
[[0, 0, 1],
 [0, 0, 1],
 [0, 0, 0]]
```

**Explanation**:
- `left_force` causes `Seesaw Moment`: If the left force is greater, the seesaw tilts to the left.
- `right_force` causes `Seesaw Moment`: If the right force is greater, the seesaw tilts to the right.
- `Seesaw Moment` does not cause changes in `left_force` or `right_force`; it is merely a result of their interaction.","[[0, 0, 1], [0, 0, 1], [0, 0, 0]]"
20250123_142730,basic,"Analyze the provided images and identify causal relationships between the variables. Complete the causality adjacency matrix based on the identified relationships and briefly explain your conclusionsThere are 3 variables: 
1. left_force
2. right_force
3. Seesaw Moment (tilt side)
.
Please fill this causality adjacency matrix:
```
[[_, _, _],
 [_, _, _],
 [_, _, _],]
```.
In the matrix, matrix[i][j] = 1 means variable i causes variable j, matrix[i][j] = 0 means there is not direct causal relationship.","To determine the causal relationships between the variables:

- **left_force** and **right_force** apply forces on the seesaw which result in a seesaw moment or tilt.
- The seesaw's moment (tilt) depends on the balance between these forces.

Based on this understanding, the causality matrix is:

```
[[0, 0, 1],
 [0, 0, 1],
 [0, 0, 0],]
```

### Explanation:
- **left_force** causes **Seesaw Moment (tilt side)**: When the left force changes, it affects the tilt of the seesaw.
- **right_force** causes **Seesaw Moment (tilt side)**: Similarly, changes in the right force affect the tilt.
- Neither force directly causes each other, nor does the seesaw moment cause either force.","[[0, 0, 1], [0, 0, 1], [0, 0, 0]]"
20250123_142737,basic,"Analyze the provided images and identify causal relationships between the variables. Complete the causality adjacency matrix based on the identified relationships and briefly explain your conclusionsThere are 3 variables: 
1. left_force
2. right_force
3. Seesaw Moment (tilt side)
.
Please fill this causality adjacency matrix:
```
[[_, _, _],
 [_, _, _],
 [_, _, _],]
```.
In the matrix, matrix[i][j] = 1 means variable i causes variable j, matrix[i][j] = 0 means there is not direct causal relationship.","To determine the causal relationships, we need to understand how forces affect the seesaw's moment:

1. **left_force** and **right_force** directly affect the **seesaw moment** (tilt side).
2. **Seesaw moment** does not directly cause the forces themselves.

Based on this understanding, the causality adjacency matrix is:

```
[[0, 0, 1],
 [0, 0, 1],
 [0, 0, 0]]
```

### Explanation:

- **left_force** causes **seesaw moment**: If there is more force on the left, the seesaw will tilt to the right.
- **right_force** causes **seesaw moment**: If there is more force on the right, the seesaw will tilt to the left.
- **Seesaw moment** is the result of the forces but does not influence the application of forces.","[[0, 0, 1], [0, 0, 1], [0, 0, 0]]"
20250123_142748,basic,"Analyze the provided images and identify causal relationships between the variables. Complete the causality adjacency matrix based on the identified relationships and briefly explain your conclusionsThere are 3 variables: 
1. left_force
2. right_force
3. Seesaw Moment (tilt side)
.
Please fill this causality adjacency matrix:
```
[[_, _, _],
 [_, _, _],
 [_, _, _],]
```.
In the matrix, matrix[i][j] = 1 means variable i causes variable j, matrix[i][j] = 0 means there is not direct causal relationship.","To fill in the causality adjacency matrix, we need to consider how the forces on each side of the seesaw affect its tilt:

1. **left_force**: The force applied on the left side of the seesaw.
2. **right_force**: The force applied on the right side of the seesaw.
3. **Seesaw Moment (tilt side)**: The resulting tilt or balance of the seesaw.

The tilt of the seesaw is affected by the forces on each side. The greater the force on one side, the more the seesaw will tilt towards that direction. Thus, both `left_force` and `right_force` influence the `Seesaw Moment`.

Therefore, the causal relationships are:

- **left_force** causes **Seesaw Moment**.
- **right_force** causes **Seesaw Moment**.

The completed causality adjacency matrix is:

```
[[0, 0, 1],
 [0, 0, 1],
 [0, 0, 0]]
```

Explanation:

- `matrix[0][2] = 1`: `left_force` causes `Seesaw Moment`.
- `matrix[1][2] = 1`: `right_force` causes `Seesaw Moment`.
- All other relationships are not direct causes.","[[0, 0, 1], [0, 0, 1], [0, 0, 0]]"
