time,strategy,imgs,text_prompt,response,matrix
2025-01-23 00:08:57,explicit,"['/home/lds/github/Causality-informed-Generation/code1/database/final_dataset/real/Real_magnet_v3_256P/Real_magnet_v3/4788.png', '/home/lds/github/Causality-informed-Generation/code1/database/final_dataset/real/Real_magnet_v3_256P/Real_magnet_v3/11209.png', '/home/lds/github/Causality-informed-Generation/code1/database/final_dataset/real/Real_magnet_v3_256P/Real_magnet_v3/7504.png', '/home/lds/github/Causality-informed-Generation/code1/database/final_dataset/real/Real_magnet_v3_256P/Real_magnet_v3/5087.png', '/home/lds/github/Causality-informed-Generation/code1/database/final_dataset/real/Real_magnet_v3_256P/Real_magnet_v3/5237.png', '/home/lds/github/Causality-informed-Generation/code1/database/final_dataset/real/Real_magnet_v3_256P/Real_magnet_v3/9316.png', '/home/lds/github/Causality-informed-Generation/code1/database/final_dataset/real/Real_magnet_v3_256P/Real_magnet_v3/7991.png', '/home/lds/github/Causality-informed-Generation/code1/database/final_dataset/real/Real_magnet_v3_256P/Real_magnet_v3/6792.png', '/home/lds/github/Causality-informed-Generation/code1/database/final_dataset/real/Real_magnet_v3_256P/Real_magnet_v3/6096.png', '/home/lds/github/Causality-informed-Generation/code1/database/final_dataset/real/Real_magnet_v3_256P/Real_magnet_v3/4662.png']","You are a causal discovery expert. Your objective is to analyze the provided images and identify any causal relationships between the variables. Use the identified relationships to complete the causality adjacency matrix and provide a brief explanation supporting your conclusions.There are 4 variables: 
1. needle_position_x
2. needle_position_y
3. magnetic_bar_orientation
4. needle_orientation
.
Please fill this causality adjacency matrix:
[[_, _, _, _],
 [_, _, _, _],
 [_, _, _, _],
 [_, _, _, _],].
Matrix[i][j] = 1: Variable i directly causes variable j. Matrix[i][j] = 0: There is no direct causal relationship between variable i and variable j.","Here's the causality adjacency matrix and the reasoning behind it:

```
[[0, 0, 0, 0],
 [0, 0, 0, 0],
 [0, 0, 0, 1],
 [0, 0, 0, 0]]
```

**Explanation:**

* **`magnetic_bar_orientation` causes `needle_orientation`:** The orientation of the magnetic bar directly influences the orientation of the needle.  As the bar rotates, the needle aligns itself with the bar's magnetic field. This is the fundamental principle of how a compass works.

* **No other causal relationships exist:**
    * The needle's position (x and y) does *not* cause any changes in the bar's orientation or the needle's own orientation. The needle might move slightly due to imperfections in the setup or external forces, but those movements are independent of the variables in question.
    * The bar's orientation is externally controlled (by some unseen force moving it in the video) and isn't influenced by the needle's position or orientation.
    * The needle's orientation doesn't cause changes in its position (x, y).  The needle rotates in place, and the video shows no indication of a mechanism where the needle's orientation affects its position.


Therefore, the only direct causal relationship is from the magnetic bar's orientation to the needle's orientation.
","[[0, 0, 0, 0], [0, 0, 0, 0], [0, 0, 0, 1], [0, 0, 0, 0]]"
2025-01-23 00:09:04,explicit,"['/home/lds/github/Causality-informed-Generation/code1/database/final_dataset/real/Real_magnet_v3_256P/Real_magnet_v3/11569.png', '/home/lds/github/Causality-informed-Generation/code1/database/final_dataset/real/Real_magnet_v3_256P/Real_magnet_v3/7220.png', '/home/lds/github/Causality-informed-Generation/code1/database/final_dataset/real/Real_magnet_v3_256P/Real_magnet_v3/8669.png', '/home/lds/github/Causality-informed-Generation/code1/database/final_dataset/real/Real_magnet_v3_256P/Real_magnet_v3/2845.png', '/home/lds/github/Causality-informed-Generation/code1/database/final_dataset/real/Real_magnet_v3_256P/Real_magnet_v3/1031.png', '/home/lds/github/Causality-informed-Generation/code1/database/final_dataset/real/Real_magnet_v3_256P/Real_magnet_v3/56.png', '/home/lds/github/Causality-informed-Generation/code1/database/final_dataset/real/Real_magnet_v3_256P/Real_magnet_v3/1250.png', '/home/lds/github/Causality-informed-Generation/code1/database/final_dataset/real/Real_magnet_v3_256P/Real_magnet_v3/166.png', '/home/lds/github/Causality-informed-Generation/code1/database/final_dataset/real/Real_magnet_v3_256P/Real_magnet_v3/10060.png', '/home/lds/github/Causality-informed-Generation/code1/database/final_dataset/real/Real_magnet_v3_256P/Real_magnet_v3/7459.png']","You are a causal discovery expert. Your objective is to analyze the provided images and identify any causal relationships between the variables. Use the identified relationships to complete the causality adjacency matrix and provide a brief explanation supporting your conclusions.There are 4 variables: 
1. needle_position_x
2. needle_position_y
3. magnetic_bar_orientation
4. needle_orientation
.
Please fill this causality adjacency matrix:
[[_, _, _, _],
 [_, _, _, _],
 [_, _, _, _],
 [_, _, _, _],].
Matrix[i][j] = 1: Variable i directly causes variable j. Matrix[i][j] = 0: There is no direct causal relationship between variable i and variable j.","Here's the causality adjacency matrix and the reasoning:

```
[[0, 0, 0, 0],
 [0, 0, 0, 0],
 [0, 0, 0, 1],
 [0, 0, 0, 0]]
```

**Explanation:**

The images demonstrate a classic experiment showcasing magnetic influence on a compass needle.  The key observation is that the needle's orientation changes *in response* to the magnetic bar's orientation.  No other relationships are evident.

* **magnetic_bar_orientation -> needle_orientation:** The orientation of the magnetic bar directly influences the orientation of the compass needle. This is the fundamental principle of how a compass works. As the bar rotates, the needle aligns itself with the bar's magnetic field.

* **No other causal relationships:**  The position of the needle (x and y coordinates) doesn't influence anything else in the system, nor is it influenced by other variables within the scope of these images.  Similarly, the magnetic bar's orientation is externally controlled and not influenced by anything within the system. The needle's orientation also does not affect the bar's orientation or the needle's position (it's free to rotate, but it is not moved from its position).
","[[0, 0, 0, 0], [0, 0, 0, 0], [0, 0, 0, 1], [0, 0, 0, 0]]"
2025-01-23 00:09:12,explicit,"['/home/lds/github/Causality-informed-Generation/code1/database/final_dataset/real/Real_magnet_v3_256P/Real_magnet_v3/5091.png', '/home/lds/github/Causality-informed-Generation/code1/database/final_dataset/real/Real_magnet_v3_256P/Real_magnet_v3/8843.png', '/home/lds/github/Causality-informed-Generation/code1/database/final_dataset/real/Real_magnet_v3_256P/Real_magnet_v3/10753.png', '/home/lds/github/Causality-informed-Generation/code1/database/final_dataset/real/Real_magnet_v3_256P/Real_magnet_v3/1070.png', '/home/lds/github/Causality-informed-Generation/code1/database/final_dataset/real/Real_magnet_v3_256P/Real_magnet_v3/10845.png', '/home/lds/github/Causality-informed-Generation/code1/database/final_dataset/real/Real_magnet_v3_256P/Real_magnet_v3/4063.png', '/home/lds/github/Causality-informed-Generation/code1/database/final_dataset/real/Real_magnet_v3_256P/Real_magnet_v3/2445.png', '/home/lds/github/Causality-informed-Generation/code1/database/final_dataset/real/Real_magnet_v3_256P/Real_magnet_v3/9199.png', '/home/lds/github/Causality-informed-Generation/code1/database/final_dataset/real/Real_magnet_v3_256P/Real_magnet_v3/11285.png', '/home/lds/github/Causality-informed-Generation/code1/database/final_dataset/real/Real_magnet_v3_256P/Real_magnet_v3/10945.png']","You are a causal discovery expert. Your objective is to analyze the provided images and identify any causal relationships between the variables. Use the identified relationships to complete the causality adjacency matrix and provide a brief explanation supporting your conclusions.There are 4 variables: 
1. needle_position_x
2. needle_position_y
3. magnetic_bar_orientation
4. needle_orientation
.
Please fill this causality adjacency matrix:
[[_, _, _, _],
 [_, _, _, _],
 [_, _, _, _],
 [_, _, _, _],].
Matrix[i][j] = 1: Variable i directly causes variable j. Matrix[i][j] = 0: There is no direct causal relationship between variable i and variable j.","Here's the causality adjacency matrix and the reasoning behind it:

```
[[0, 0, 0, 0],
 [0, 0, 0, 0],
 [0, 0, 0, 1],
 [0, 0, 0, 0]]
```

**Explanation:**

* **magnetic_bar_orientation -> needle_orientation:** The images clearly demonstrate that the orientation of the magnetic bar directly influences the orientation of the needle.  When the bar rotates, the needle rotates correspondingly. This is a fundamental principle of magnetism.

* **No other causal relationships:**  While the needle's position (x, y) changes in the images, it's not directly *caused* by the bar's orientation or the needle's orientation itself. The needle likely moves because some external force places it in different starting positions, but the experiment itself is only showcasing the influence of the magnet on the needle’s direction, not its position. Therefore, the needle's x and y positions are independent variables in this specific context.  Similarly, the bar's orientation is being manipulated externally, so it doesn't depend on any of the other variables.  The needle's orientation itself doesn't influence anything else within the presented scenarios.

**Important Note:** It's crucial to recognize that these images represent a simplified, controlled experiment. In a more complex real-world situation, other factors (e.g., presence of other magnetic fields) could influence both the needle and the bar's behavior. This analysis is based solely on the visual information provided.
","[[0, 0, 0, 0], [0, 0, 0, 0], [0, 0, 0, 1], [0, 0, 0, 0]]"
2025-01-23 00:09:19,explicit,"['/home/lds/github/Causality-informed-Generation/code1/database/final_dataset/real/Real_magnet_v3_256P/Real_magnet_v3/11754.png', '/home/lds/github/Causality-informed-Generation/code1/database/final_dataset/real/Real_magnet_v3_256P/Real_magnet_v3/5925.png', '/home/lds/github/Causality-informed-Generation/code1/database/final_dataset/real/Real_magnet_v3_256P/Real_magnet_v3/4075.png', '/home/lds/github/Causality-informed-Generation/code1/database/final_dataset/real/Real_magnet_v3_256P/Real_magnet_v3/826.png', '/home/lds/github/Causality-informed-Generation/code1/database/final_dataset/real/Real_magnet_v3_256P/Real_magnet_v3/11242.png', '/home/lds/github/Causality-informed-Generation/code1/database/final_dataset/real/Real_magnet_v3_256P/Real_magnet_v3/10072.png', '/home/lds/github/Causality-informed-Generation/code1/database/final_dataset/real/Real_magnet_v3_256P/Real_magnet_v3/6783.png', '/home/lds/github/Causality-informed-Generation/code1/database/final_dataset/real/Real_magnet_v3_256P/Real_magnet_v3/1385.png', '/home/lds/github/Causality-informed-Generation/code1/database/final_dataset/real/Real_magnet_v3_256P/Real_magnet_v3/7666.png', '/home/lds/github/Causality-informed-Generation/code1/database/final_dataset/real/Real_magnet_v3_256P/Real_magnet_v3/9743.png']","You are a causal discovery expert. Your objective is to analyze the provided images and identify any causal relationships between the variables. Use the identified relationships to complete the causality adjacency matrix and provide a brief explanation supporting your conclusions.There are 4 variables: 
1. needle_position_x
2. needle_position_y
3. magnetic_bar_orientation
4. needle_orientation
.
Please fill this causality adjacency matrix:
[[_, _, _, _],
 [_, _, _, _],
 [_, _, _, _],
 [_, _, _, _],].
Matrix[i][j] = 1: Variable i directly causes variable j. Matrix[i][j] = 0: There is no direct causal relationship between variable i and variable j.","Here's the causality adjacency matrix and the reasoning behind it:

```
[[0, 0, 0, 0],
 [0, 0, 0, 0],
 [0, 0, 0, 1],
 [0, 0, 0, 0]]
```

**Explanation:**

* **magnetic_bar_orientation -> needle_orientation:** The orientation of the magnetic bar directly influences the orientation of the needle.  As the bar rotates, the needle follows. This is the fundamental principle of how a compass works. The magnetic field exerted by the bar causes the needle to align itself.

* **No other causal relationships:**
    * The position of the needle (needle_position_x and needle_position_y) does *not* cause any changes in the bar's orientation or the needle's orientation.  The needle's position is a consequence of where it was initially placed. The animations just show different starting positions.
    * The needle's orientation doesn't influence the bar's orientation. The bar's orientation is being manipulated externally, independently of the needle. The needle is the passive element responding to changes.
    * Similarly, neither needle's position coordinates influences the other.



The key takeaway is that the magnetic bar's orientation is the *independent* variable, and the needle's orientation is the *dependent* variable. The needle's position plays no causal role in the system's dynamics.
","[[0, 0, 0, 0], [0, 0, 0, 0], [0, 0, 0, 1], [0, 0, 0, 0]]"
2025-01-23 00:09:26,explicit,"['/home/lds/github/Causality-informed-Generation/code1/database/final_dataset/real/Real_magnet_v3_256P/Real_magnet_v3/9348.png', '/home/lds/github/Causality-informed-Generation/code1/database/final_dataset/real/Real_magnet_v3_256P/Real_magnet_v3/5639.png', '/home/lds/github/Causality-informed-Generation/code1/database/final_dataset/real/Real_magnet_v3_256P/Real_magnet_v3/7699.png', '/home/lds/github/Causality-informed-Generation/code1/database/final_dataset/real/Real_magnet_v3_256P/Real_magnet_v3/6584.png', '/home/lds/github/Causality-informed-Generation/code1/database/final_dataset/real/Real_magnet_v3_256P/Real_magnet_v3/9049.png', '/home/lds/github/Causality-informed-Generation/code1/database/final_dataset/real/Real_magnet_v3_256P/Real_magnet_v3/5442.png', '/home/lds/github/Causality-informed-Generation/code1/database/final_dataset/real/Real_magnet_v3_256P/Real_magnet_v3/4514.png', '/home/lds/github/Causality-informed-Generation/code1/database/final_dataset/real/Real_magnet_v3_256P/Real_magnet_v3/4698.png', '/home/lds/github/Causality-informed-Generation/code1/database/final_dataset/real/Real_magnet_v3_256P/Real_magnet_v3/983.png', '/home/lds/github/Causality-informed-Generation/code1/database/final_dataset/real/Real_magnet_v3_256P/Real_magnet_v3/6859.png']","You are a causal discovery expert. Your objective is to analyze the provided images and identify any causal relationships between the variables. Use the identified relationships to complete the causality adjacency matrix and provide a brief explanation supporting your conclusions.There are 4 variables: 
1. needle_position_x
2. needle_position_y
3. magnetic_bar_orientation
4. needle_orientation
.
Please fill this causality adjacency matrix:
[[_, _, _, _],
 [_, _, _, _],
 [_, _, _, _],
 [_, _, _, _],].
Matrix[i][j] = 1: Variable i directly causes variable j. Matrix[i][j] = 0: There is no direct causal relationship between variable i and variable j.","Here's the causality adjacency matrix and the reasoning behind it:

```
[[0, 0, 0, 0],
 [0, 0, 0, 0],
 [0, 0, 0, 1],
 [0, 0, 0, 0]]
```

**Explanation:**

* **magnetic_bar_orientation -> needle_orientation:** The orientation of the magnetic bar directly influences the orientation of the needle.  As the bar rotates, the needle rotates correspondingly. This is the fundamental principle of how a compass works.  The needle aligns itself with the magnetic field lines generated by the bar magnet.

* **No other causal relationships:**  The positions of the needle (needle_position_x, needle_position_y) do *not* cause the bar's orientation to change. Similarly, the needle's orientation doesn't influence the bar's orientation or the needle's position.  And the positions don't influence one another. Any observed changes in needle position are likely due to off-screen forces or camera movements, not any causal relationship with the variables in this system.
","[[0, 0, 0, 0], [0, 0, 0, 0], [0, 0, 0, 1], [0, 0, 0, 0]]"
2025-01-23 00:16:44,explicit,"['/home/lds/github/Causality-informed-Generation/code1/database/final_dataset/real/Real_magnet_v3_256P/Real_magnet_v3/5886.png', '/home/lds/github/Causality-informed-Generation/code1/database/final_dataset/real/Real_magnet_v3_256P/Real_magnet_v3/8756.png', '/home/lds/github/Causality-informed-Generation/code1/database/final_dataset/real/Real_magnet_v3_256P/Real_magnet_v3/3403.png', '/home/lds/github/Causality-informed-Generation/code1/database/final_dataset/real/Real_magnet_v3_256P/Real_magnet_v3/11348.png', '/home/lds/github/Causality-informed-Generation/code1/database/final_dataset/real/Real_magnet_v3_256P/Real_magnet_v3/6820.png', '/home/lds/github/Causality-informed-Generation/code1/database/final_dataset/real/Real_magnet_v3_256P/Real_magnet_v3/10634.png', '/home/lds/github/Causality-informed-Generation/code1/database/final_dataset/real/Real_magnet_v3_256P/Real_magnet_v3/8747.png', '/home/lds/github/Causality-informed-Generation/code1/database/final_dataset/real/Real_magnet_v3_256P/Real_magnet_v3/7705.png', '/home/lds/github/Causality-informed-Generation/code1/database/final_dataset/real/Real_magnet_v3_256P/Real_magnet_v3/4324.png', '/home/lds/github/Causality-informed-Generation/code1/database/final_dataset/real/Real_magnet_v3_256P/Real_magnet_v3/4917.png']","You are a causal discovery expert. Your objective is to analyze the provided images and identify any causal relationships between the variables. Use the identified relationships to complete the causality adjacency matrix and provide a brief explanation supporting your conclusions.There are 4 variables: 
1. needle_position_x
2. needle_position_y
3. magnetic_bar_orientation
4. needle_orientation
.
Please fill this causality adjacency matrix:
[[_, _, _, _],
 [_, _, _, _],
 [_, _, _, _],
 [_, _, _, _],].
Matrix[i][j] = 1: Variable i directly causes variable j. Matrix[i][j] = 0: There is no direct causal relationship between variable i and variable j.","Here's the causality adjacency matrix and the reasoning behind it:

```
[[0, 0, 0, 0],
 [0, 0, 0, 0],
 [0, 0, 0, 1],
 [0, 0, 0, 0]]
```

**Explanation:**

* **magnetic_bar_orientation -> needle_orientation:** The orientation of the magnetic bar directly influences the orientation of the needle. This is a fundamental principle of magnetism. As the bar rotates, the needle aligns itself with the bar's magnetic field.  This is the only clear causal relationship observed.

* **No other causal relationships:**
    * The position of the needle (needle_position_x, needle_position_y) does *not* cause the bar's orientation to change. 
    * The needle's orientation doesn't cause any changes in its own position or the bar's orientation (in these simplified images/scenarios, we are not considering scenarios where the needle is so powerful that it *moves* the bar).
    * The needle's x position doesn't affect its y position, and vice-versa.  These are independent variables within the limitations of the visualization.  They are likely determined by some unobserved factor, like the initial placement of the needle.


It's important to note that this analysis assumes a simplified model based on the provided images.  In a real-world scenario, other factors like external magnetic fields or physical interactions could introduce additional complexities.
","[[0, 0, 0, 0], [0, 0, 0, 0], [0, 0, 0, 1], [0, 0, 0, 0]]"
2025-01-23 00:16:51,explicit,"['/home/lds/github/Causality-informed-Generation/code1/database/final_dataset/real/Real_magnet_v3_256P/Real_magnet_v3/6702.png', '/home/lds/github/Causality-informed-Generation/code1/database/final_dataset/real/Real_magnet_v3_256P/Real_magnet_v3/11448.png', '/home/lds/github/Causality-informed-Generation/code1/database/final_dataset/real/Real_magnet_v3_256P/Real_magnet_v3/216.png', '/home/lds/github/Causality-informed-Generation/code1/database/final_dataset/real/Real_magnet_v3_256P/Real_magnet_v3/2270.png', '/home/lds/github/Causality-informed-Generation/code1/database/final_dataset/real/Real_magnet_v3_256P/Real_magnet_v3/183.png', '/home/lds/github/Causality-informed-Generation/code1/database/final_dataset/real/Real_magnet_v3_256P/Real_magnet_v3/4146.png', '/home/lds/github/Causality-informed-Generation/code1/database/final_dataset/real/Real_magnet_v3_256P/Real_magnet_v3/4682.png', '/home/lds/github/Causality-informed-Generation/code1/database/final_dataset/real/Real_magnet_v3_256P/Real_magnet_v3/8505.png', '/home/lds/github/Causality-informed-Generation/code1/database/final_dataset/real/Real_magnet_v3_256P/Real_magnet_v3/1069.png', '/home/lds/github/Causality-informed-Generation/code1/database/final_dataset/real/Real_magnet_v3_256P/Real_magnet_v3/8260.png']","You are a causal discovery expert. Your objective is to analyze the provided images and identify any causal relationships between the variables. Use the identified relationships to complete the causality adjacency matrix and provide a brief explanation supporting your conclusions.There are 4 variables: 
1. needle_position_x
2. needle_position_y
3. magnetic_bar_orientation
4. needle_orientation
.
Please fill this causality adjacency matrix:
[[_, _, _, _],
 [_, _, _, _],
 [_, _, _, _],
 [_, _, _, _],].
Matrix[i][j] = 1: Variable i directly causes variable j. Matrix[i][j] = 0: There is no direct causal relationship between variable i and variable j.","Here's the causality adjacency matrix and the reasoning behind it:

```
[[0, 0, 0, 0],
 [0, 0, 0, 0],
 [0, 0, 0, 1],
 [0, 0, 0, 0]]
```

**Explanation:**

* **magnetic_bar_orientation -> needle_orientation:** The orientation of the magnetic bar directly influences the orientation of the needle.  As the bar rotates, the needle rotates to align itself with the bar's magnetic field.  This is the fundamental principle of how a compass works.

* **No other causal relationships:**  The needle's position (x, y) does *not* cause the bar's orientation to change, nor does it cause the needle's orientation to change *independently* of the bar's influence. Similarly, the needle's orientation doesn't cause the bar to move or rotate. The needle's x and y positions are also independent of each other and of the other variables. They are determined by factors outside of this system (presumably where the needle was initially placed).


Therefore, the only direct causal link is from the magnetic bar's orientation to the needle's orientation.
","[[0, 0, 0, 0], [0, 0, 0, 0], [0, 0, 0, 1], [0, 0, 0, 0]]"
2025-01-23 00:17:00,explicit,"['/home/lds/github/Causality-informed-Generation/code1/database/final_dataset/real/Real_magnet_v3_256P/Real_magnet_v3/6217.png', '/home/lds/github/Causality-informed-Generation/code1/database/final_dataset/real/Real_magnet_v3_256P/Real_magnet_v3/8913.png', '/home/lds/github/Causality-informed-Generation/code1/database/final_dataset/real/Real_magnet_v3_256P/Real_magnet_v3/2243.png', '/home/lds/github/Causality-informed-Generation/code1/database/final_dataset/real/Real_magnet_v3_256P/Real_magnet_v3/11220.png', '/home/lds/github/Causality-informed-Generation/code1/database/final_dataset/real/Real_magnet_v3_256P/Real_magnet_v3/11416.png', '/home/lds/github/Causality-informed-Generation/code1/database/final_dataset/real/Real_magnet_v3_256P/Real_magnet_v3/5244.png', '/home/lds/github/Causality-informed-Generation/code1/database/final_dataset/real/Real_magnet_v3_256P/Real_magnet_v3/7257.png', '/home/lds/github/Causality-informed-Generation/code1/database/final_dataset/real/Real_magnet_v3_256P/Real_magnet_v3/981.png', '/home/lds/github/Causality-informed-Generation/code1/database/final_dataset/real/Real_magnet_v3_256P/Real_magnet_v3/2904.png', '/home/lds/github/Causality-informed-Generation/code1/database/final_dataset/real/Real_magnet_v3_256P/Real_magnet_v3/11382.png']","You are a causal discovery expert. Your objective is to analyze the provided images and identify any causal relationships between the variables. Use the identified relationships to complete the causality adjacency matrix and provide a brief explanation supporting your conclusions.There are 4 variables: 
1. needle_position_x
2. needle_position_y
3. magnetic_bar_orientation
4. needle_orientation
.
Please fill this causality adjacency matrix:
[[_, _, _, _],
 [_, _, _, _],
 [_, _, _, _],
 [_, _, _, _],].
Matrix[i][j] = 1: Variable i directly causes variable j. Matrix[i][j] = 0: There is no direct causal relationship between variable i and variable j.","Here's the causality adjacency matrix and the reasoning behind it:

```
[[0, 0, 0, 0],
 [0, 0, 0, 0],
 [0, 0, 0, 1],
 [0, 0, 0, 0]]
```

**Explanation:**

The core observation is that the **magnetic bar's orientation (3) influences the needle's orientation (4)**.  The needle aligns itself with the magnetic field lines generated by the bar magnet.  Changing the bar's orientation causes a corresponding change in the magnetic field, leading to the needle re-orienting itself.

Here's why the other entries are zero:

* **needle_position_x (1) and needle_position_y (2) don't cause anything:**  While the needle's *position* might seem to change in the images, the prompt provides no information about the positions being causally related to anything else. It is just due to how the image is shot, and the overall position of the bar and the needle does not determine their orientation relation.  The experimental setup doesn't suggest anything would make the needle move on its own or influence any other variable.
* **The needle's orientation doesn't affect the bar magnet:**  The needle is passively responding to the magnetic field. It's too small to significantly influence the bar magnet's orientation.
* **The magnetic bar's orientation is not influenced by any other variables in this example:** We are actively changing magnetic_bar_orientation, making it an independent variable. Nothing in the images suggests it's being influenced by the needle.


Therefore, the only direct causal relationship is from the magnetic bar's orientation to the needle's orientation.
","[[0, 0, 0, 0], [0, 0, 0, 0], [0, 0, 0, 1], [0, 0, 0, 0]]"
2025-01-23 00:17:07,explicit,"['/home/lds/github/Causality-informed-Generation/code1/database/final_dataset/real/Real_magnet_v3_256P/Real_magnet_v3/2751.png', '/home/lds/github/Causality-informed-Generation/code1/database/final_dataset/real/Real_magnet_v3_256P/Real_magnet_v3/10335.png', '/home/lds/github/Causality-informed-Generation/code1/database/final_dataset/real/Real_magnet_v3_256P/Real_magnet_v3/9925.png', '/home/lds/github/Causality-informed-Generation/code1/database/final_dataset/real/Real_magnet_v3_256P/Real_magnet_v3/6850.png', '/home/lds/github/Causality-informed-Generation/code1/database/final_dataset/real/Real_magnet_v3_256P/Real_magnet_v3/9410.png', '/home/lds/github/Causality-informed-Generation/code1/database/final_dataset/real/Real_magnet_v3_256P/Real_magnet_v3/3067.png', '/home/lds/github/Causality-informed-Generation/code1/database/final_dataset/real/Real_magnet_v3_256P/Real_magnet_v3/5012.png', '/home/lds/github/Causality-informed-Generation/code1/database/final_dataset/real/Real_magnet_v3_256P/Real_magnet_v3/3174.png', '/home/lds/github/Causality-informed-Generation/code1/database/final_dataset/real/Real_magnet_v3_256P/Real_magnet_v3/337.png', '/home/lds/github/Causality-informed-Generation/code1/database/final_dataset/real/Real_magnet_v3_256P/Real_magnet_v3/1575.png']","You are a causal discovery expert. Your objective is to analyze the provided images and identify any causal relationships between the variables. Use the identified relationships to complete the causality adjacency matrix and provide a brief explanation supporting your conclusions.There are 4 variables: 
1. needle_position_x
2. needle_position_y
3. magnetic_bar_orientation
4. needle_orientation
.
Please fill this causality adjacency matrix:
[[_, _, _, _],
 [_, _, _, _],
 [_, _, _, _],
 [_, _, _, _],].
Matrix[i][j] = 1: Variable i directly causes variable j. Matrix[i][j] = 0: There is no direct causal relationship between variable i and variable j.","Here's the causality adjacency matrix and the reasoning behind it:

```
[[0, 0, 0, 0],
 [0, 0, 0, 0],
 [0, 0, 0, 1],
 [0, 0, 0, 0]]
```

**Explanation:**

* **magnetic_bar_orientation -> needle_orientation:** The orientation of the magnetic bar directly influences the orientation of the needle.  As the bar rotates, the needle rotates correspondingly. This is a fundamental principle of magnetism. The needle aligns itself with the magnetic field lines produced by the bar magnet.

* **No other causal relationships:**  The position of the needle (needle_position_x and needle_position_y) does *not* causally influence any other variable. Similarly, the needle's orientation doesn't cause the bar to move or rotate, nor does it influence the needle's own position. The needle's position in these images is likely incidental and chosen for demonstration purposes rather than reflecting a causal relationship.  The bar's orientation is also not influenced by any other presented variables – it's being manipulated externally (by something unseen in the images).
","[[0, 0, 0, 0], [0, 0, 0, 0], [0, 0, 0, 1], [0, 0, 0, 0]]"
2025-01-23 00:17:15,explicit,"['/home/lds/github/Causality-informed-Generation/code1/database/final_dataset/real/Real_magnet_v3_256P/Real_magnet_v3/4147.png', '/home/lds/github/Causality-informed-Generation/code1/database/final_dataset/real/Real_magnet_v3_256P/Real_magnet_v3/1721.png', '/home/lds/github/Causality-informed-Generation/code1/database/final_dataset/real/Real_magnet_v3_256P/Real_magnet_v3/8705.png', '/home/lds/github/Causality-informed-Generation/code1/database/final_dataset/real/Real_magnet_v3_256P/Real_magnet_v3/9919.png', '/home/lds/github/Causality-informed-Generation/code1/database/final_dataset/real/Real_magnet_v3_256P/Real_magnet_v3/10345.png', '/home/lds/github/Causality-informed-Generation/code1/database/final_dataset/real/Real_magnet_v3_256P/Real_magnet_v3/3424.png', '/home/lds/github/Causality-informed-Generation/code1/database/final_dataset/real/Real_magnet_v3_256P/Real_magnet_v3/9802.png', '/home/lds/github/Causality-informed-Generation/code1/database/final_dataset/real/Real_magnet_v3_256P/Real_magnet_v3/5598.png', '/home/lds/github/Causality-informed-Generation/code1/database/final_dataset/real/Real_magnet_v3_256P/Real_magnet_v3/10928.png', '/home/lds/github/Causality-informed-Generation/code1/database/final_dataset/real/Real_magnet_v3_256P/Real_magnet_v3/756.png']","You are a causal discovery expert. Your objective is to analyze the provided images and identify any causal relationships between the variables. Use the identified relationships to complete the causality adjacency matrix and provide a brief explanation supporting your conclusions.There are 4 variables: 
1. needle_position_x
2. needle_position_y
3. magnetic_bar_orientation
4. needle_orientation
.
Please fill this causality adjacency matrix:
[[_, _, _, _],
 [_, _, _, _],
 [_, _, _, _],
 [_, _, _, _],].
Matrix[i][j] = 1: Variable i directly causes variable j. Matrix[i][j] = 0: There is no direct causal relationship between variable i and variable j.","Here's the causality adjacency matrix and the reasoning behind it:

```
[[0, 0, 0, 0],
 [0, 0, 0, 0],
 [0, 0, 0, 1],
 [0, 0, 0, 0]]
```

**Explanation:**

* **magnetic_bar_orientation -> needle_orientation:** The orientation of the magnetic bar (variable 3) directly influences the orientation of the needle (variable 4). This is a fundamental principle of magnetism.  As the bar rotates, the needle aligns itself with the bar's magnetic field.  This is the most clearly observed causal relationship in the provided images.

* **No other causal relationships:**
    * The position of the needle (variables 1 and 2) does *not* cause the bar's orientation to change.  The bar is being manipulated externally, and its position/orientation is independent of the needle.
    * The needle's orientation does *not* cause changes in the needle's position. While a magnetized needle in a real-world scenario *might* experience a small force causing movement, the images do not provide evidence of such subtle position shifts due to magnetic interaction.  The relative position of the needle and bar are controlled by some external force. The needle rotates, but stays in approximately the same location.
    * The needle's position does *not* cause a change in its own orientation. The orientation is solely determined by the magnetic field.

Therefore, only one causal link exists: the magnetic bar's orientation causes the needle's orientation to change.
","[[0, 0, 0, 0], [0, 0, 0, 0], [0, 0, 0, 1], [0, 0, 0, 0]]"
2025-01-23 00:17:23,explicit,"['/home/lds/github/Causality-informed-Generation/code1/database/final_dataset/real/Real_magnet_v3_256P/Real_magnet_v3/2010.png', '/home/lds/github/Causality-informed-Generation/code1/database/final_dataset/real/Real_magnet_v3_256P/Real_magnet_v3/3001.png', '/home/lds/github/Causality-informed-Generation/code1/database/final_dataset/real/Real_magnet_v3_256P/Real_magnet_v3/2056.png', '/home/lds/github/Causality-informed-Generation/code1/database/final_dataset/real/Real_magnet_v3_256P/Real_magnet_v3/1685.png', '/home/lds/github/Causality-informed-Generation/code1/database/final_dataset/real/Real_magnet_v3_256P/Real_magnet_v3/468.png', '/home/lds/github/Causality-informed-Generation/code1/database/final_dataset/real/Real_magnet_v3_256P/Real_magnet_v3/11137.png', '/home/lds/github/Causality-informed-Generation/code1/database/final_dataset/real/Real_magnet_v3_256P/Real_magnet_v3/11365.png', '/home/lds/github/Causality-informed-Generation/code1/database/final_dataset/real/Real_magnet_v3_256P/Real_magnet_v3/10800.png', '/home/lds/github/Causality-informed-Generation/code1/database/final_dataset/real/Real_magnet_v3_256P/Real_magnet_v3/8512.png', '/home/lds/github/Causality-informed-Generation/code1/database/final_dataset/real/Real_magnet_v3_256P/Real_magnet_v3/8307.png']","You are a causal discovery expert. Your objective is to analyze the provided images and identify any causal relationships between the variables. Use the identified relationships to complete the causality adjacency matrix and provide a brief explanation supporting your conclusions.There are 4 variables: 
1. needle_position_x
2. needle_position_y
3. magnetic_bar_orientation
4. needle_orientation
.
Please fill this causality adjacency matrix:
[[_, _, _, _],
 [_, _, _, _],
 [_, _, _, _],
 [_, _, _, _],].
Matrix[i][j] = 1: Variable i directly causes variable j. Matrix[i][j] = 0: There is no direct causal relationship between variable i and variable j.","Here's the causality adjacency matrix and the reasoning:

```
[[0, 0, 0, 0],
 [0, 0, 0, 0],
 [0, 0, 0, 1],
 [0, 0, 0, 0]]
```

**Reasoning:**

The images demonstrate a classic experiment showcasing magnetic influence.  The key observation is that the **magnetic bar's orientation (3) directly influences the needle's orientation (4)**.  Changing the bar's orientation causes a corresponding change in the needle's direction.

Here's why the other entries are zero:

* **Needle position (1 & 2) does *not* cause changes in the bar or other needle properties.**  Moving the needle around doesn't make the bar rotate or the needle itself re-orient magically. The needle's position is likely controlled by the experimenter (or some other external force) and is independent.
* **The bar's orientation (3) is independent.** Its orientation is also likely manipulated by the experimenter, and there's nothing in the images to suggest it's influenced by the needle's position or orientation.
* **The needle's orientation (4) doesn't cause changes in itself or the bar's orientation.** The needle aligns *because* of the magnetic field, not the other way around.


Therefore, the only causal relationship is a unidirectional one from the magnetic bar's orientation to the needle's orientation.
","[[0, 0, 0, 0], [0, 0, 0, 0], [0, 0, 0, 1], [0, 0, 0, 0]]"
2025-01-23 00:17:49,explicit,"['/home/lds/github/Causality-informed-Generation/code1/database/final_dataset/real/Real_magnet_v3_256P/Real_magnet_v3/5347.png', '/home/lds/github/Causality-informed-Generation/code1/database/final_dataset/real/Real_magnet_v3_256P/Real_magnet_v3/6168.png', '/home/lds/github/Causality-informed-Generation/code1/database/final_dataset/real/Real_magnet_v3_256P/Real_magnet_v3/2998.png', '/home/lds/github/Causality-informed-Generation/code1/database/final_dataset/real/Real_magnet_v3_256P/Real_magnet_v3/5143.png', '/home/lds/github/Causality-informed-Generation/code1/database/final_dataset/real/Real_magnet_v3_256P/Real_magnet_v3/6105.png', '/home/lds/github/Causality-informed-Generation/code1/database/final_dataset/real/Real_magnet_v3_256P/Real_magnet_v3/256.png', '/home/lds/github/Causality-informed-Generation/code1/database/final_dataset/real/Real_magnet_v3_256P/Real_magnet_v3/11989.png', '/home/lds/github/Causality-informed-Generation/code1/database/final_dataset/real/Real_magnet_v3_256P/Real_magnet_v3/4043.png', '/home/lds/github/Causality-informed-Generation/code1/database/final_dataset/real/Real_magnet_v3_256P/Real_magnet_v3/6316.png', '/home/lds/github/Causality-informed-Generation/code1/database/final_dataset/real/Real_magnet_v3_256P/Real_magnet_v3/644.png']","You are a causal discovery expert. Your objective is to analyze the provided images and identify any causal relationships between the variables. Use the identified relationships to complete the causality adjacency matrix and provide a brief explanation supporting your conclusions.There are 4 variables: 
1. needle_position_x
2. needle_position_y
3. magnetic_bar_orientation
4. needle_orientation
.
Please fill this causality adjacency matrix:
[[_, _, _, _],
 [_, _, _, _],
 [_, _, _, _],
 [_, _, _, _],].
Matrix[i][j] = 1: Variable i directly causes variable j. Matrix[i][j] = 0: There is no direct causal relationship between variable i and variable j.","Here's the causality adjacency matrix and the reasoning behind it:

```
[[0, 0, 0, 0],
 [0, 0, 0, 0],
 [0, 0, 0, 1],
 [0, 0, 0, 0]]
```

**Explanation:**

* **magnetic_bar_orientation -> needle_orientation:** The orientation of the magnetic bar directly influences the orientation of the compass needle.  As the bar rotates, the needle follows. This is a fundamental principle of magnetism. The needle aligns itself with the magnetic field lines produced by the bar magnet.

* **No other causal relationships:**  The position of the needle (needle_position_x, needle_position_y) does *not* causally influence the bar's orientation or the needle's orientation. Similarly, the needle's orientation doesn't cause the bar to move or change its orientation.  The needle's position is likely determined by factors outside the scope of these images (e.g., where it was initially placed).  While the bar's magnetic field *affects* the needle's position, it's the *orientation* of the field (determined by the bar's orientation) that's the direct cause of the needle's orientation.  The needle's position is a consequence of both the magnetic field orientation and its initial placement, making it an indirect effect of the bar's orientation.
","[[0, 0, 0, 0], [0, 0, 0, 0], [0, 0, 0, 1], [0, 0, 0, 0]]"
2025-01-23 00:17:57,explicit,"['/home/lds/github/Causality-informed-Generation/code1/database/final_dataset/real/Real_magnet_v3_256P/Real_magnet_v3/1255.png', '/home/lds/github/Causality-informed-Generation/code1/database/final_dataset/real/Real_magnet_v3_256P/Real_magnet_v3/11616.png', '/home/lds/github/Causality-informed-Generation/code1/database/final_dataset/real/Real_magnet_v3_256P/Real_magnet_v3/4763.png', '/home/lds/github/Causality-informed-Generation/code1/database/final_dataset/real/Real_magnet_v3_256P/Real_magnet_v3/578.png', '/home/lds/github/Causality-informed-Generation/code1/database/final_dataset/real/Real_magnet_v3_256P/Real_magnet_v3/6912.png', '/home/lds/github/Causality-informed-Generation/code1/database/final_dataset/real/Real_magnet_v3_256P/Real_magnet_v3/207.png', '/home/lds/github/Causality-informed-Generation/code1/database/final_dataset/real/Real_magnet_v3_256P/Real_magnet_v3/2130.png', '/home/lds/github/Causality-informed-Generation/code1/database/final_dataset/real/Real_magnet_v3_256P/Real_magnet_v3/9893.png', '/home/lds/github/Causality-informed-Generation/code1/database/final_dataset/real/Real_magnet_v3_256P/Real_magnet_v3/7987.png', '/home/lds/github/Causality-informed-Generation/code1/database/final_dataset/real/Real_magnet_v3_256P/Real_magnet_v3/4295.png']","You are a causal discovery expert. Your objective is to analyze the provided images and identify any causal relationships between the variables. Use the identified relationships to complete the causality adjacency matrix and provide a brief explanation supporting your conclusions.There are 4 variables: 
1. needle_position_x
2. needle_position_y
3. magnetic_bar_orientation
4. needle_orientation
.
Please fill this causality adjacency matrix:
[[_, _, _, _],
 [_, _, _, _],
 [_, _, _, _],
 [_, _, _, _],].
Matrix[i][j] = 1: Variable i directly causes variable j. Matrix[i][j] = 0: There is no direct causal relationship between variable i and variable j.","Here's the causality adjacency matrix and the reasoning behind it:

```
[[0, 0, 0, 0],
 [0, 0, 0, 0],
 [0, 0, 0, 1],
 [0, 0, 0, 0]]
```

**Explanation:**

* **magnetic_bar_orientation -> needle_orientation:** The orientation of the magnetic bar directly influences the orientation of the needle.  As the bar rotates, the needle rotates correspondingly to align itself with the bar's magnetic field. This is the fundamental principle of how a compass works.

* **No other causal relationships:**  While the *position* of the needle (needle_position_x, needle_position_y) might appear to change in the images, this is likely due to the camera perspective shifting to keep the rotating bar centered. The needle's position isn't directly caused by the bar's orientation.  If the bar were moved to a new location *without* changing its orientation, the needle would *not* move on its own.  Therefore, there's no causal link between the bar's orientation and the needle's position. Similarly, the needle's position doesn't cause any changes in the bar's orientation or the needle's own orientation. The needle's orientation also doesn't cause the bar's orientation to change.


Therefore, the only direct causal relationship observed is the magnetic bar's orientation causing the needle's orientation to change.
","[[0, 0, 0, 0], [0, 0, 0, 0], [0, 0, 0, 1], [0, 0, 0, 0]]"
2025-01-23 00:18:04,explicit,"['/home/lds/github/Causality-informed-Generation/code1/database/final_dataset/real/Real_magnet_v3_256P/Real_magnet_v3/10985.png', '/home/lds/github/Causality-informed-Generation/code1/database/final_dataset/real/Real_magnet_v3_256P/Real_magnet_v3/6832.png', '/home/lds/github/Causality-informed-Generation/code1/database/final_dataset/real/Real_magnet_v3_256P/Real_magnet_v3/6448.png', '/home/lds/github/Causality-informed-Generation/code1/database/final_dataset/real/Real_magnet_v3_256P/Real_magnet_v3/9281.png', '/home/lds/github/Causality-informed-Generation/code1/database/final_dataset/real/Real_magnet_v3_256P/Real_magnet_v3/11522.png', '/home/lds/github/Causality-informed-Generation/code1/database/final_dataset/real/Real_magnet_v3_256P/Real_magnet_v3/3957.png', '/home/lds/github/Causality-informed-Generation/code1/database/final_dataset/real/Real_magnet_v3_256P/Real_magnet_v3/6567.png', '/home/lds/github/Causality-informed-Generation/code1/database/final_dataset/real/Real_magnet_v3_256P/Real_magnet_v3/6036.png', '/home/lds/github/Causality-informed-Generation/code1/database/final_dataset/real/Real_magnet_v3_256P/Real_magnet_v3/8634.png', '/home/lds/github/Causality-informed-Generation/code1/database/final_dataset/real/Real_magnet_v3_256P/Real_magnet_v3/5666.png']","You are a causal discovery expert. Your objective is to analyze the provided images and identify any causal relationships between the variables. Use the identified relationships to complete the causality adjacency matrix and provide a brief explanation supporting your conclusions.There are 4 variables: 
1. needle_position_x
2. needle_position_y
3. magnetic_bar_orientation
4. needle_orientation
.
Please fill this causality adjacency matrix:
[[_, _, _, _],
 [_, _, _, _],
 [_, _, _, _],
 [_, _, _, _],].
Matrix[i][j] = 1: Variable i directly causes variable j. Matrix[i][j] = 0: There is no direct causal relationship between variable i and variable j.","Here's the causality adjacency matrix and the reasoning behind it:

```
[[0, 0, 0, 0],
 [0, 0, 0, 0],
 [0, 0, 0, 1],
 [0, 0, 0, 0]]
```

**Explanation:**

* **magnetic_bar_orientation -> needle_orientation:** The orientation of the magnetic bar directly influences the orientation of the needle.  As the bar rotates, the needle rotates correspondingly. This is the fundamental principle of how a compass works. The magnetic field generated by the bar dictates the needle's alignment.

* **No other causal relationships:**  The position of the needle (needle_position_x, needle_position_y) does *not* cause any changes in the bar's orientation or the needle's orientation. Similarly, the needle's orientation doesn't influence the bar's orientation or the needle's position.  The needle's position is likely determined by factors outside the scope of these images (e.g., initial placement, accidental nudges).  The bar's orientation is also determined by external factors (e.g., a hand rotating it).  These external factors are not represented as variables in our system. Therefore, we mark these entries in the matrix as 0, indicating no direct causal link within the variables we are considering.
","[[0, 0, 0, 0], [0, 0, 0, 0], [0, 0, 0, 1], [0, 0, 0, 0]]"
2025-01-23 00:18:11,explicit,"['/home/lds/github/Causality-informed-Generation/code1/database/final_dataset/real/Real_magnet_v3_256P/Real_magnet_v3/1055.png', '/home/lds/github/Causality-informed-Generation/code1/database/final_dataset/real/Real_magnet_v3_256P/Real_magnet_v3/9666.png', '/home/lds/github/Causality-informed-Generation/code1/database/final_dataset/real/Real_magnet_v3_256P/Real_magnet_v3/7787.png', '/home/lds/github/Causality-informed-Generation/code1/database/final_dataset/real/Real_magnet_v3_256P/Real_magnet_v3/8158.png', '/home/lds/github/Causality-informed-Generation/code1/database/final_dataset/real/Real_magnet_v3_256P/Real_magnet_v3/8609.png', '/home/lds/github/Causality-informed-Generation/code1/database/final_dataset/real/Real_magnet_v3_256P/Real_magnet_v3/2055.png', '/home/lds/github/Causality-informed-Generation/code1/database/final_dataset/real/Real_magnet_v3_256P/Real_magnet_v3/10572.png', '/home/lds/github/Causality-informed-Generation/code1/database/final_dataset/real/Real_magnet_v3_256P/Real_magnet_v3/2433.png', '/home/lds/github/Causality-informed-Generation/code1/database/final_dataset/real/Real_magnet_v3_256P/Real_magnet_v3/3675.png', '/home/lds/github/Causality-informed-Generation/code1/database/final_dataset/real/Real_magnet_v3_256P/Real_magnet_v3/84.png']","You are a causal discovery expert. Your objective is to analyze the provided images and identify any causal relationships between the variables. Use the identified relationships to complete the causality adjacency matrix and provide a brief explanation supporting your conclusions.There are 4 variables: 
1. needle_position_x
2. needle_position_y
3. magnetic_bar_orientation
4. needle_orientation
.
Please fill this causality adjacency matrix:
[[_, _, _, _],
 [_, _, _, _],
 [_, _, _, _],
 [_, _, _, _],].
Matrix[i][j] = 1: Variable i directly causes variable j. Matrix[i][j] = 0: There is no direct causal relationship between variable i and variable j.","Here's the causality adjacency matrix and the reasoning behind it:

```
[[0, 0, 0, 0],
 [0, 0, 0, 0],
 [0, 0, 0, 1],
 [0, 0, 0, 0]]
```

**Explanation:**

* **magnetic_bar_orientation -> needle_orientation:** The orientation of the magnetic bar directly influences the orientation of the needle.  As the bar rotates, the needle follows. This is the fundamental principle of how a compass works. The magnetic field created by the bar exerts a force on the needle, causing it to align itself with the field lines.

* **No other causal relationships:**  The position of the needle (needle_position_x, needle_position_y) does *not* influence the bar's orientation or the needle's orientation. Similarly, the needle's orientation doesn't cause the bar to move or change its orientation.  The needle's position is likely determined by factors outside the scope of these images (e.g., where it was initially placed).  Therefore, all other entries in the matrix are 0.


It's important to note that this analysis assumes that the magnetic bar is the *only* significant magnetic influence on the needle. If other magnetic fields were present, they could also influence the needle's orientation, and the causal relationships would be more complex.
","[[0, 0, 0, 0], [0, 0, 0, 0], [0, 0, 0, 1], [0, 0, 0, 0]]"
2025-01-23 00:18:21,explicit,"['/home/lds/github/Causality-informed-Generation/code1/database/final_dataset/real/Real_magnet_v3_256P/Real_magnet_v3/9023.png', '/home/lds/github/Causality-informed-Generation/code1/database/final_dataset/real/Real_magnet_v3_256P/Real_magnet_v3/2671.png', '/home/lds/github/Causality-informed-Generation/code1/database/final_dataset/real/Real_magnet_v3_256P/Real_magnet_v3/10181.png', '/home/lds/github/Causality-informed-Generation/code1/database/final_dataset/real/Real_magnet_v3_256P/Real_magnet_v3/8641.png', '/home/lds/github/Causality-informed-Generation/code1/database/final_dataset/real/Real_magnet_v3_256P/Real_magnet_v3/6820.png', '/home/lds/github/Causality-informed-Generation/code1/database/final_dataset/real/Real_magnet_v3_256P/Real_magnet_v3/4467.png', '/home/lds/github/Causality-informed-Generation/code1/database/final_dataset/real/Real_magnet_v3_256P/Real_magnet_v3/7330.png', '/home/lds/github/Causality-informed-Generation/code1/database/final_dataset/real/Real_magnet_v3_256P/Real_magnet_v3/9446.png', '/home/lds/github/Causality-informed-Generation/code1/database/final_dataset/real/Real_magnet_v3_256P/Real_magnet_v3/898.png', '/home/lds/github/Causality-informed-Generation/code1/database/final_dataset/real/Real_magnet_v3_256P/Real_magnet_v3/9429.png']","You are a causal discovery expert. Your objective is to analyze the provided images and identify any causal relationships between the variables. Use the identified relationships to complete the causality adjacency matrix and provide a brief explanation supporting your conclusions.There are 4 variables: 
1. needle_position_x
2. needle_position_y
3. magnetic_bar_orientation
4. needle_orientation
.
Please fill this causality adjacency matrix:
[[_, _, _, _],
 [_, _, _, _],
 [_, _, _, _],
 [_, _, _, _],].
Matrix[i][j] = 1: Variable i directly causes variable j. Matrix[i][j] = 0: There is no direct causal relationship between variable i and variable j.","Here's the causality adjacency matrix and the reasoning behind it:

```
[[0, 0, 0, 0],
 [0, 0, 0, 0],
 [0, 0, 0, 1],
 [0, 0, 0, 0]]
```

**Explanation:**

The key observation from the images is that the **magnetic bar's orientation (variable 3) influences the needle's orientation (variable 4)**.  When the bar rotates, the needle rotates correspondingly. This suggests a direct causal link.

Here's a breakdown of why other entries are zero:

* **Needle position (variables 1 & 2) doesn't influence anything:**  The needle's x and y coordinates change, but these changes don't seem to affect the bar's orientation or the needle's own orientation relative to the bar.  The needle is simply being moved around.
* **Nothing influences the bar's orientation (variable 3):** The bar's orientation is changing, but we don't see any other variable causing these changes.  We can assume some external force (not shown) is rotating the bar.
* **Nothing influences the needle's position (variables 1 & 2):** Similar to the bar's orientation, some external force (a hand, perhaps) is moving the needle.  We don't have evidence of other variables influencing its position.
* **Needle orientation (variable 4) doesn't influence anything:** While the needle rotates, this rotation is a *consequence* of the bar's orientation.  It doesn't cause any further changes in the system we observe.


Therefore, the only causal relationship we can infer from the images is that the magnetic bar's orientation directly causes the needle's orientation.
","[[0, 0, 0, 0], [0, 0, 0, 0], [0, 0, 0, 1], [0, 0, 0, 0]]"
2025-01-23 00:18:28,explicit,"['/home/lds/github/Causality-informed-Generation/code1/database/final_dataset/real/Real_magnet_v3_256P/Real_magnet_v3/1122.png', '/home/lds/github/Causality-informed-Generation/code1/database/final_dataset/real/Real_magnet_v3_256P/Real_magnet_v3/10466.png', '/home/lds/github/Causality-informed-Generation/code1/database/final_dataset/real/Real_magnet_v3_256P/Real_magnet_v3/923.png', '/home/lds/github/Causality-informed-Generation/code1/database/final_dataset/real/Real_magnet_v3_256P/Real_magnet_v3/7897.png', '/home/lds/github/Causality-informed-Generation/code1/database/final_dataset/real/Real_magnet_v3_256P/Real_magnet_v3/7163.png', '/home/lds/github/Causality-informed-Generation/code1/database/final_dataset/real/Real_magnet_v3_256P/Real_magnet_v3/2100.png', '/home/lds/github/Causality-informed-Generation/code1/database/final_dataset/real/Real_magnet_v3_256P/Real_magnet_v3/5326.png', '/home/lds/github/Causality-informed-Generation/code1/database/final_dataset/real/Real_magnet_v3_256P/Real_magnet_v3/801.png', '/home/lds/github/Causality-informed-Generation/code1/database/final_dataset/real/Real_magnet_v3_256P/Real_magnet_v3/10063.png', '/home/lds/github/Causality-informed-Generation/code1/database/final_dataset/real/Real_magnet_v3_256P/Real_magnet_v3/39.png']","You are a causal discovery expert. Your objective is to analyze the provided images and identify any causal relationships between the variables. Use the identified relationships to complete the causality adjacency matrix and provide a brief explanation supporting your conclusions.There are 4 variables: 
1. needle_position_x
2. needle_position_y
3. magnetic_bar_orientation
4. needle_orientation
.
Please fill this causality adjacency matrix:
[[_, _, _, _],
 [_, _, _, _],
 [_, _, _, _],
 [_, _, _, _],].
Matrix[i][j] = 1: Variable i directly causes variable j. Matrix[i][j] = 0: There is no direct causal relationship between variable i and variable j.","Here's the causality adjacency matrix and the reasoning behind it:

```
[[0, 0, 0, 0],
 [0, 0, 0, 0],
 [0, 0, 0, 1],
 [0, 0, 0, 0]]
```

**Explanation:**

* **`magnetic_bar_orientation` --> `needle_orientation`:** The orientation of the magnetic bar directly influences the orientation of the needle.  As the bar rotates, the needle follows. This is the fundamental principle of how a compass works.

* **No other causal relationships:**  The position of the needle (x and y) does *not* cause any changes in the bar's orientation or the needle's orientation. Similarly, the needle's orientation doesn't influence the bar's orientation or the needle's position. The needle's position is likely determined by factors outside the scope of these images (e.g., initial placement, friction).  While the bar's magnetic field *affects* the needle's position, it does so by *first* affecting the needle's *orientation*, which then causes the needle to move.  Therefore, the bar's orientation does not *directly* cause a change in the needle's position.

**Important Note:**  Causal discovery from observational data (like images) can be challenging.  While the relationship between the magnet and the needle is well-established physics, a more rigorous analysis might involve interventions (e.g., forcibly changing the bar's orientation and observing the needle) to confirm the causal link with greater certainty.
","[[0, 0, 0, 0], [0, 0, 0, 0], [0, 0, 0, 1], [0, 0, 0, 0]]"
2025-01-23 00:18:35,explicit,"['/home/lds/github/Causality-informed-Generation/code1/database/final_dataset/real/Real_magnet_v3_256P/Real_magnet_v3/11279.png', '/home/lds/github/Causality-informed-Generation/code1/database/final_dataset/real/Real_magnet_v3_256P/Real_magnet_v3/1528.png', '/home/lds/github/Causality-informed-Generation/code1/database/final_dataset/real/Real_magnet_v3_256P/Real_magnet_v3/9358.png', '/home/lds/github/Causality-informed-Generation/code1/database/final_dataset/real/Real_magnet_v3_256P/Real_magnet_v3/1219.png', '/home/lds/github/Causality-informed-Generation/code1/database/final_dataset/real/Real_magnet_v3_256P/Real_magnet_v3/2257.png', '/home/lds/github/Causality-informed-Generation/code1/database/final_dataset/real/Real_magnet_v3_256P/Real_magnet_v3/2426.png', '/home/lds/github/Causality-informed-Generation/code1/database/final_dataset/real/Real_magnet_v3_256P/Real_magnet_v3/10717.png', '/home/lds/github/Causality-informed-Generation/code1/database/final_dataset/real/Real_magnet_v3_256P/Real_magnet_v3/11692.png', '/home/lds/github/Causality-informed-Generation/code1/database/final_dataset/real/Real_magnet_v3_256P/Real_magnet_v3/9372.png', '/home/lds/github/Causality-informed-Generation/code1/database/final_dataset/real/Real_magnet_v3_256P/Real_magnet_v3/9091.png']","You are a causal discovery expert. Your objective is to analyze the provided images and identify any causal relationships between the variables. Use the identified relationships to complete the causality adjacency matrix and provide a brief explanation supporting your conclusions.There are 4 variables: 
1. needle_position_x
2. needle_position_y
3. magnetic_bar_orientation
4. needle_orientation
.
Please fill this causality adjacency matrix:
[[_, _, _, _],
 [_, _, _, _],
 [_, _, _, _],
 [_, _, _, _],].
Matrix[i][j] = 1: Variable i directly causes variable j. Matrix[i][j] = 0: There is no direct causal relationship between variable i and variable j.","Here's the causality adjacency matrix and the reasoning behind it:

```
[[0, 0, 0, 0],
 [0, 0, 0, 0],
 [0, 0, 0, 1],
 [0, 0, 0, 0]]
```

**Explanation:**

* **magnetic_bar_orientation -> needle_orientation:** The orientation of the magnetic bar directly influences the orientation of the needle.  As the bar rotates, the needle rotates correspondingly. This is a fundamental principle of magnetism. The needle aligns itself with the magnetic field lines produced by the bar magnet.

* **No other causal relationships:**  The position of the needle (needle_position_x, needle_position_y) does *not* causally influence the bar's orientation or the needle's orientation. Similarly, the needle's orientation doesn't cause changes in its position or the bar's orientation.  The needle's position is likely determined by initial placement and any external forces, which are not represented in our variables.  The bar's orientation is also determined by external factors (presumably a user or some other force manipulating it), not by the needle's position or orientation.
","[[0, 0, 0, 0], [0, 0, 0, 0], [0, 0, 0, 1], [0, 0, 0, 0]]"
2025-01-23 00:18:41,explicit,"['/home/lds/github/Causality-informed-Generation/code1/database/final_dataset/real/Real_magnet_v3_256P/Real_magnet_v3/10910.png', '/home/lds/github/Causality-informed-Generation/code1/database/final_dataset/real/Real_magnet_v3_256P/Real_magnet_v3/1989.png', '/home/lds/github/Causality-informed-Generation/code1/database/final_dataset/real/Real_magnet_v3_256P/Real_magnet_v3/1354.png', '/home/lds/github/Causality-informed-Generation/code1/database/final_dataset/real/Real_magnet_v3_256P/Real_magnet_v3/2101.png', '/home/lds/github/Causality-informed-Generation/code1/database/final_dataset/real/Real_magnet_v3_256P/Real_magnet_v3/7648.png', '/home/lds/github/Causality-informed-Generation/code1/database/final_dataset/real/Real_magnet_v3_256P/Real_magnet_v3/6005.png', '/home/lds/github/Causality-informed-Generation/code1/database/final_dataset/real/Real_magnet_v3_256P/Real_magnet_v3/10899.png', '/home/lds/github/Causality-informed-Generation/code1/database/final_dataset/real/Real_magnet_v3_256P/Real_magnet_v3/3138.png', '/home/lds/github/Causality-informed-Generation/code1/database/final_dataset/real/Real_magnet_v3_256P/Real_magnet_v3/3891.png', '/home/lds/github/Causality-informed-Generation/code1/database/final_dataset/real/Real_magnet_v3_256P/Real_magnet_v3/6838.png']","You are a causal discovery expert. Your objective is to analyze the provided images and identify any causal relationships between the variables. Use the identified relationships to complete the causality adjacency matrix and provide a brief explanation supporting your conclusions.There are 4 variables: 
1. needle_position_x
2. needle_position_y
3. magnetic_bar_orientation
4. needle_orientation
.
Please fill this causality adjacency matrix:
[[_, _, _, _],
 [_, _, _, _],
 [_, _, _, _],
 [_, _, _, _],].
Matrix[i][j] = 1: Variable i directly causes variable j. Matrix[i][j] = 0: There is no direct causal relationship between variable i and variable j.","Here's the causality adjacency matrix and the reasoning behind it:

```
[[0, 0, 0, 0],
 [0, 0, 0, 0],
 [0, 0, 0, 1],
 [0, 0, 0, 0]]
```

**Explanation:**

* **magnetic_bar_orientation -> needle_orientation:** The orientation of the magnetic bar directly influences the orientation of the needle.  As the bar rotates, the needle rotates correspondingly. This is a fundamental principle of magnetism. The needle aligns itself with the magnetic field lines produced by the bar magnet.

* **No other causal relationships:**  The position of the needle (needle_position_x, needle_position_y) does *not* cause any changes in the bar's orientation or the needle's orientation. Similarly, the needle's orientation doesn't cause the bar to rotate or the needle to move spatially.  The needle's position is likely determined by initial placement and is independent of the other variables in this simplified scenario.  We are only observing the effect of the magnet on the needle's *orientation*, not its *position*.
","[[0, 0, 0, 0], [0, 0, 0, 0], [0, 0, 0, 1], [0, 0, 0, 0]]"
2025-01-23 00:18:49,explicit,"['/home/lds/github/Causality-informed-Generation/code1/database/final_dataset/real/Real_magnet_v3_256P/Real_magnet_v3/11471.png', '/home/lds/github/Causality-informed-Generation/code1/database/final_dataset/real/Real_magnet_v3_256P/Real_magnet_v3/1853.png', '/home/lds/github/Causality-informed-Generation/code1/database/final_dataset/real/Real_magnet_v3_256P/Real_magnet_v3/11802.png', '/home/lds/github/Causality-informed-Generation/code1/database/final_dataset/real/Real_magnet_v3_256P/Real_magnet_v3/674.png', '/home/lds/github/Causality-informed-Generation/code1/database/final_dataset/real/Real_magnet_v3_256P/Real_magnet_v3/1925.png', '/home/lds/github/Causality-informed-Generation/code1/database/final_dataset/real/Real_magnet_v3_256P/Real_magnet_v3/10591.png', '/home/lds/github/Causality-informed-Generation/code1/database/final_dataset/real/Real_magnet_v3_256P/Real_magnet_v3/11466.png', '/home/lds/github/Causality-informed-Generation/code1/database/final_dataset/real/Real_magnet_v3_256P/Real_magnet_v3/1005.png', '/home/lds/github/Causality-informed-Generation/code1/database/final_dataset/real/Real_magnet_v3_256P/Real_magnet_v3/4364.png', '/home/lds/github/Causality-informed-Generation/code1/database/final_dataset/real/Real_magnet_v3_256P/Real_magnet_v3/3016.png']","You are a causal discovery expert. Your objective is to analyze the provided images and identify any causal relationships between the variables. Use the identified relationships to complete the causality adjacency matrix and provide a brief explanation supporting your conclusions.There are 4 variables: 
1. needle_position_x
2. needle_position_y
3. magnetic_bar_orientation
4. needle_orientation
.
Please fill this causality adjacency matrix:
[[_, _, _, _],
 [_, _, _, _],
 [_, _, _, _],
 [_, _, _, _],].
Matrix[i][j] = 1: Variable i directly causes variable j. Matrix[i][j] = 0: There is no direct causal relationship between variable i and variable j.","Here's the causality adjacency matrix and the reasoning behind it:

```
[[0, 0, 0, 0],
 [0, 0, 0, 0],
 [0, 0, 0, 1],
 [0, 0, 0, 0]]
```

**Explanation:**

The images demonstrate a classic experiment showcasing magnetic influence.  The key observation is that changing the orientation of the magnetic bar (variable 3) directly affects the orientation of the needle (variable 4).  No other causal relationships are observed.

* **magnetic_bar_orientation -> needle_orientation:**  As the bar rotates, the needle rotates correspondingly. This is a clear cause-and-effect relationship.

* **No effect of needle position:** The position of the needle (variables 1 and 2) does *not* seem to influence either the bar's orientation or its own orientation.  The needle simply follows the magnetic field lines regardless of its position within the field's range.

* **No effect of needle orientation on bar:** The needle's orientation does not influence the bar's orientation. The bar's magnetism is the dominant force, and the needle's weak magnetism (if any) is insufficient to affect the bar.

* **No effect of needle position on bar:** Similarly, the needle's position doesn't influence the bar's orientation. The bar's orientation is determined by external factors (presumably the experimenter).


Therefore, the only causal link is from `magnetic_bar_orientation` to `needle_orientation`.
","[[0, 0, 0, 0], [0, 0, 0, 0], [0, 0, 0, 1], [0, 0, 0, 0]]"
2025-01-23 00:18:57,explicit,"['/home/lds/github/Causality-informed-Generation/code1/database/final_dataset/real/Real_magnet_v3_256P/Real_magnet_v3/4266.png', '/home/lds/github/Causality-informed-Generation/code1/database/final_dataset/real/Real_magnet_v3_256P/Real_magnet_v3/9397.png', '/home/lds/github/Causality-informed-Generation/code1/database/final_dataset/real/Real_magnet_v3_256P/Real_magnet_v3/4.png', '/home/lds/github/Causality-informed-Generation/code1/database/final_dataset/real/Real_magnet_v3_256P/Real_magnet_v3/11385.png', '/home/lds/github/Causality-informed-Generation/code1/database/final_dataset/real/Real_magnet_v3_256P/Real_magnet_v3/5220.png', '/home/lds/github/Causality-informed-Generation/code1/database/final_dataset/real/Real_magnet_v3_256P/Real_magnet_v3/10130.png', '/home/lds/github/Causality-informed-Generation/code1/database/final_dataset/real/Real_magnet_v3_256P/Real_magnet_v3/10589.png', '/home/lds/github/Causality-informed-Generation/code1/database/final_dataset/real/Real_magnet_v3_256P/Real_magnet_v3/2435.png', '/home/lds/github/Causality-informed-Generation/code1/database/final_dataset/real/Real_magnet_v3_256P/Real_magnet_v3/5529.png', '/home/lds/github/Causality-informed-Generation/code1/database/final_dataset/real/Real_magnet_v3_256P/Real_magnet_v3/10064.png']","You are a causal discovery expert. Your objective is to analyze the provided images and identify any causal relationships between the variables. Use the identified relationships to complete the causality adjacency matrix and provide a brief explanation supporting your conclusions.There are 4 variables: 
1. needle_position_x
2. needle_position_y
3. magnetic_bar_orientation
4. needle_orientation
.
Please fill this causality adjacency matrix:
[[_, _, _, _],
 [_, _, _, _],
 [_, _, _, _],
 [_, _, _, _],].
Matrix[i][j] = 1: Variable i directly causes variable j. Matrix[i][j] = 0: There is no direct causal relationship between variable i and variable j.","Here's the causality adjacency matrix and the reasoning behind it:

```
[[0, 0, 0, 0],
 [0, 0, 0, 0],
 [0, 0, 0, 1],
 [0, 0, 0, 0]]
```

**Explanation:**

* **magnetic_bar_orientation -> needle_orientation:** The orientation of the magnetic bar directly influences the orientation of the needle.  As the bar rotates, the needle rotates correspondingly to align itself with the magnetic field. This is the fundamental principle of how a compass works.

* **No other causal relationships:**  The position of the needle (needle_position_x, needle_position_y) does *not* cause the bar's orientation or the needle's orientation. Similarly, the needle's orientation doesn't cause the bar's orientation or the needle's position.  While the needle's position might *correlate* with the bar's position if the bar is moved closer or further from the needle (affecting the strength of the magnetic field and potentially causing slight shifts), this doesn't represent a *causal* link in the system as presented. The images only show rotation of the bar, not changes in its position relative to the needle.  Therefore, we only observe a direct causal link from the bar's orientation to the needle's orientation.
","[[0, 0, 0, 0], [0, 0, 0, 0], [0, 0, 0, 1], [0, 0, 0, 0]]"
