time,imgs,text_prompt,response,matrix
2025-01-24 03:02:39,"['/home/lds/github/Causality-informed-Generation/code1/database/final_dataset/hypothetic/data/Hypothetic_v5_linear_full_connected/4746.png', '/home/lds/github/Causality-informed-Generation/code1/database/final_dataset/hypothetic/data/Hypothetic_v5_linear_full_connected/1181.png', '/home/lds/github/Causality-informed-Generation/code1/database/final_dataset/hypothetic/data/Hypothetic_v5_linear_full_connected/3231.png', '/home/lds/github/Causality-informed-Generation/code1/database/final_dataset/hypothetic/data/Hypothetic_v5_linear_full_connected/4320.png', '/home/lds/github/Causality-informed-Generation/code1/database/final_dataset/hypothetic/data/Hypothetic_v5_linear_full_connected/3213.png', '/home/lds/github/Causality-informed-Generation/code1/database/final_dataset/hypothetic/data/Hypothetic_v5_linear_full_connected/4672.png', '/home/lds/github/Causality-informed-Generation/code1/database/final_dataset/hypothetic/data/Hypothetic_v5_linear_full_connected/7648.png', '/home/lds/github/Causality-informed-Generation/code1/database/final_dataset/hypothetic/data/Hypothetic_v5_linear_full_connected/1769.png', '/home/lds/github/Causality-informed-Generation/code1/database/final_dataset/hypothetic/data/Hypothetic_v5_linear_full_connected/89.png', '/home/lds/github/Causality-informed-Generation/code1/database/final_dataset/hypothetic/data/Hypothetic_v5_linear_full_connected/4318.png']","You are a causal discovery expert. Your objective is to analyze the provided images and identify any causal relationships between the variables. Use the identified relationships to complete the causality adjacency matrix and provide a brief explanation supporting your conclusions.There are 5 variables: 
1. ball's volumn
2. cuboid's height
3. base area of cuboid
4. base area of cone
5. cone's height
.
Please fill this causality adjacency matrix:
```
[[_, _, _, _, _],
 [_, _, _, _, _],
 [_, _, _, _, _],
 [_, _, _, _, _],
 [_, _, _, _, _],]
```.
In the matrix, matrix[i][j] = 1 means variable i causes variable j, matrix[i][j] = 0 means there is not direct causal relationship.","```
[[0, 0, 0, 0, 0],
 [0, 0, 0, 0, 0],
 [0, 0, 0, 0, 0],
 [0, 0, 0, 0, 0],
 [0, 0, 0, 0, 0]]
```

**Explanation:**

The provided image sequence shows static geometric shapes. There are no changes or interventions occurring over time.  Therefore, we cannot infer any causal relationships between the variables.  Simply observing that objects exist together in a scene does not imply that one influences the other.  

To establish causality, we would need to see manipulations of one variable leading to consistent changes in another. For example, if increasing the base area of the cuboid consistently resulted in a change in the cone's height, we might infer a causal link.  However, no such manipulations are present in the given information. All the objects' attributes remain constant, so the causal adjacency matrix is all zeros.
","[[0, 0, 0, 0, 0], [0, 0, 0, 0, 0], [0, 0, 0, 0, 0], [0, 0, 0, 0, 0], [0, 0, 0, 0, 0]]"
2025-01-24 03:02:45,"['/home/lds/github/Causality-informed-Generation/code1/database/final_dataset/hypothetic/data/Hypothetic_v5_linear_full_connected/7981.png', '/home/lds/github/Causality-informed-Generation/code1/database/final_dataset/hypothetic/data/Hypothetic_v5_linear_full_connected/622.png', '/home/lds/github/Causality-informed-Generation/code1/database/final_dataset/hypothetic/data/Hypothetic_v5_linear_full_connected/977.png', '/home/lds/github/Causality-informed-Generation/code1/database/final_dataset/hypothetic/data/Hypothetic_v5_linear_full_connected/9082.png', '/home/lds/github/Causality-informed-Generation/code1/database/final_dataset/hypothetic/data/Hypothetic_v5_linear_full_connected/6140.png', '/home/lds/github/Causality-informed-Generation/code1/database/final_dataset/hypothetic/data/Hypothetic_v5_linear_full_connected/6666.png', '/home/lds/github/Causality-informed-Generation/code1/database/final_dataset/hypothetic/data/Hypothetic_v5_linear_full_connected/43.png', '/home/lds/github/Causality-informed-Generation/code1/database/final_dataset/hypothetic/data/Hypothetic_v5_linear_full_connected/6528.png', '/home/lds/github/Causality-informed-Generation/code1/database/final_dataset/hypothetic/data/Hypothetic_v5_linear_full_connected/4717.png', '/home/lds/github/Causality-informed-Generation/code1/database/final_dataset/hypothetic/data/Hypothetic_v5_linear_full_connected/5340.png']","You are a causal discovery expert. Your objective is to analyze the provided images and identify any causal relationships between the variables. Use the identified relationships to complete the causality adjacency matrix and provide a brief explanation supporting your conclusions.There are 5 variables: 
1. ball's volumn
2. cuboid's height
3. base area of cuboid
4. base area of cone
5. cone's height
.
Please fill this causality adjacency matrix:
```
[[_, _, _, _, _],
 [_, _, _, _, _],
 [_, _, _, _, _],
 [_, _, _, _, _],
 [_, _, _, _, _],]
```.
In the matrix, matrix[i][j] = 1 means variable i causes variable j, matrix[i][j] = 0 means there is not direct causal relationship.","```
[[0, 0, 0, 0, 0],
 [0, 0, 0, 0, 0],
 [0, 0, 0, 0, 0],
 [0, 0, 0, 0, 0],
 [0, 0, 0, 0, 0]]
```

**Explanation:**

The provided image sequence shows changes in the apparent size of the objects. This is due to camera movement (zooming in and out) which affects how large the objects appear on the screen/image.  However, the camera zooming does *not* causally influence the actual physical dimensions of the objects (ball volume, cuboid height/base, cone height/base).  The objects remain the same size; only their representation in the image changes.  

Therefore, there are no causal relationships between any of the object dimensions.  They are independent variables.  Zooming changes how these independent variables are *observed*, not the variables themselves.  Thus, every entry in the adjacency matrix is 0.
","[[0, 0, 0, 0, 0], [0, 0, 0, 0, 0], [0, 0, 0, 0, 0], [0, 0, 0, 0, 0], [0, 0, 0, 0, 0]]"
2025-01-24 03:02:53,"['/home/lds/github/Causality-informed-Generation/code1/database/final_dataset/hypothetic/data/Hypothetic_v5_linear_full_connected/2519.png', '/home/lds/github/Causality-informed-Generation/code1/database/final_dataset/hypothetic/data/Hypothetic_v5_linear_full_connected/4301.png', '/home/lds/github/Causality-informed-Generation/code1/database/final_dataset/hypothetic/data/Hypothetic_v5_linear_full_connected/6815.png', '/home/lds/github/Causality-informed-Generation/code1/database/final_dataset/hypothetic/data/Hypothetic_v5_linear_full_connected/482.png', '/home/lds/github/Causality-informed-Generation/code1/database/final_dataset/hypothetic/data/Hypothetic_v5_linear_full_connected/1525.png', '/home/lds/github/Causality-informed-Generation/code1/database/final_dataset/hypothetic/data/Hypothetic_v5_linear_full_connected/3363.png', '/home/lds/github/Causality-informed-Generation/code1/database/final_dataset/hypothetic/data/Hypothetic_v5_linear_full_connected/6664.png', '/home/lds/github/Causality-informed-Generation/code1/database/final_dataset/hypothetic/data/Hypothetic_v5_linear_full_connected/2983.png', '/home/lds/github/Causality-informed-Generation/code1/database/final_dataset/hypothetic/data/Hypothetic_v5_linear_full_connected/631.png', '/home/lds/github/Causality-informed-Generation/code1/database/final_dataset/hypothetic/data/Hypothetic_v5_linear_full_connected/8320.png']","You are a causal discovery expert. Your objective is to analyze the provided images and identify any causal relationships between the variables. Use the identified relationships to complete the causality adjacency matrix and provide a brief explanation supporting your conclusions.There are 5 variables: 
1. ball's volumn
2. cuboid's height
3. base area of cuboid
4. base area of cone
5. cone's height
.
Please fill this causality adjacency matrix:
```
[[_, _, _, _, _],
 [_, _, _, _, _],
 [_, _, _, _, _],
 [_, _, _, _, _],
 [_, _, _, _, _],]
```.
In the matrix, matrix[i][j] = 1 means variable i causes variable j, matrix[i][j] = 0 means there is not direct causal relationship.","Here's the causality adjacency matrix and the reasoning behind it:

```
[[0, 0, 0, 0, 0],
 [0, 0, 0, 0, 0],
 [0, 0, 0, 0, 0],
 [0, 0, 0, 0, 0],
 [0, 0, 0, 0, 0]]
```

**Explanation:**

The key here is understanding the difference between correlation and causation.  While we might observe some relationships between the sizes of these objects in the image (for instance, they all fit within the frame), there's no inherent causal link between them.  The images provide no information about how these objects were created or placed.  The size of the ball doesn't influence the height of the cuboid, the base of the cone doesn't dictate the base of the cuboid, and so on.  They are independent variables.  

Imagine swapping the cuboid for a much taller, thinner one. This would change the cuboid's height and base area, but it would have no impact on the sphere or the cone. Similarly, we could replace the sphere with a larger or smaller one without affecting the other objects.

Therefore, all entries in the causality adjacency matrix are 0, reflecting the absence of direct causal relationships between these variables based solely on the static image.  Causal relationships require more information than just observation; they need interventions or time series data demonstrating how changes in one variable lead to changes in another.
","[[0, 0, 0, 0, 0], [0, 0, 0, 0, 0], [0, 0, 0, 0, 0], [0, 0, 0, 0, 0], [0, 0, 0, 0, 0]]"
2025-01-24 03:02:59,"['/home/lds/github/Causality-informed-Generation/code1/database/final_dataset/hypothetic/data/Hypothetic_v5_linear_full_connected/1416.png', '/home/lds/github/Causality-informed-Generation/code1/database/final_dataset/hypothetic/data/Hypothetic_v5_linear_full_connected/4406.png', '/home/lds/github/Causality-informed-Generation/code1/database/final_dataset/hypothetic/data/Hypothetic_v5_linear_full_connected/280.png', '/home/lds/github/Causality-informed-Generation/code1/database/final_dataset/hypothetic/data/Hypothetic_v5_linear_full_connected/4009.png', '/home/lds/github/Causality-informed-Generation/code1/database/final_dataset/hypothetic/data/Hypothetic_v5_linear_full_connected/7171.png', '/home/lds/github/Causality-informed-Generation/code1/database/final_dataset/hypothetic/data/Hypothetic_v5_linear_full_connected/3306.png', '/home/lds/github/Causality-informed-Generation/code1/database/final_dataset/hypothetic/data/Hypothetic_v5_linear_full_connected/7233.png', '/home/lds/github/Causality-informed-Generation/code1/database/final_dataset/hypothetic/data/Hypothetic_v5_linear_full_connected/5587.png', '/home/lds/github/Causality-informed-Generation/code1/database/final_dataset/hypothetic/data/Hypothetic_v5_linear_full_connected/5492.png', '/home/lds/github/Causality-informed-Generation/code1/database/final_dataset/hypothetic/data/Hypothetic_v5_linear_full_connected/9813.png']","You are a causal discovery expert. Your objective is to analyze the provided images and identify any causal relationships between the variables. Use the identified relationships to complete the causality adjacency matrix and provide a brief explanation supporting your conclusions.There are 5 variables: 
1. ball's volumn
2. cuboid's height
3. base area of cuboid
4. base area of cone
5. cone's height
.
Please fill this causality adjacency matrix:
```
[[_, _, _, _, _],
 [_, _, _, _, _],
 [_, _, _, _, _],
 [_, _, _, _, _],
 [_, _, _, _, _],]
```.
In the matrix, matrix[i][j] = 1 means variable i causes variable j, matrix[i][j] = 0 means there is not direct causal relationship.","Here's the causality adjacency matrix and the reasoning behind it:

```
[[0, 0, 0, 0, 0],
 [0, 0, 0, 0, 0],
 [0, 0, 0, 0, 0],
 [0, 0, 0, 0, 0],
 [0, 0, 0, 0, 0]]
```

**Explanation:**

The animation shows the objects scaling up and down in size.  Crucially, they do so *independently*.  While they change size simultaneously, there's no indication that one object's size influences another's. The changes seem coordinated by some unseen external factor (likely the animation script), but there's no causal link *between* the objects' dimensions.

Therefore, all entries in the adjacency matrix are 0, representing the absence of direct causal relationships between the variables.  A change in the ball's volume doesn't cause a change in the cuboid's height, and so on for all pairs of variables. They are correlated in the animation, but not causally related.
","[[0, 0, 0, 0, 0], [0, 0, 0, 0, 0], [0, 0, 0, 0, 0], [0, 0, 0, 0, 0], [0, 0, 0, 0, 0]]"
2025-01-24 03:03:04,"['/home/lds/github/Causality-informed-Generation/code1/database/final_dataset/hypothetic/data/Hypothetic_v5_linear_full_connected/7673.png', '/home/lds/github/Causality-informed-Generation/code1/database/final_dataset/hypothetic/data/Hypothetic_v5_linear_full_connected/2575.png', '/home/lds/github/Causality-informed-Generation/code1/database/final_dataset/hypothetic/data/Hypothetic_v5_linear_full_connected/6011.png', '/home/lds/github/Causality-informed-Generation/code1/database/final_dataset/hypothetic/data/Hypothetic_v5_linear_full_connected/5689.png', '/home/lds/github/Causality-informed-Generation/code1/database/final_dataset/hypothetic/data/Hypothetic_v5_linear_full_connected/9127.png', '/home/lds/github/Causality-informed-Generation/code1/database/final_dataset/hypothetic/data/Hypothetic_v5_linear_full_connected/6992.png', '/home/lds/github/Causality-informed-Generation/code1/database/final_dataset/hypothetic/data/Hypothetic_v5_linear_full_connected/4431.png', '/home/lds/github/Causality-informed-Generation/code1/database/final_dataset/hypothetic/data/Hypothetic_v5_linear_full_connected/5567.png', '/home/lds/github/Causality-informed-Generation/code1/database/final_dataset/hypothetic/data/Hypothetic_v5_linear_full_connected/8860.png', '/home/lds/github/Causality-informed-Generation/code1/database/final_dataset/hypothetic/data/Hypothetic_v5_linear_full_connected/1199.png']","You are a causal discovery expert. Your objective is to analyze the provided images and identify any causal relationships between the variables. Use the identified relationships to complete the causality adjacency matrix and provide a brief explanation supporting your conclusions.There are 5 variables: 
1. ball's volumn
2. cuboid's height
3. base area of cuboid
4. base area of cone
5. cone's height
.
Please fill this causality adjacency matrix:
```
[[_, _, _, _, _],
 [_, _, _, _, _],
 [_, _, _, _, _],
 [_, _, _, _, _],
 [_, _, _, _, _],]
```.
In the matrix, matrix[i][j] = 1 means variable i causes variable j, matrix[i][j] = 0 means there is not direct causal relationship.","```
[[0, 0, 0, 0, 0],
 [0, 0, 0, 0, 0],
 [0, 0, 0, 0, 0],
 [0, 0, 0, 0, 0],
 [0, 0, 0, 0, 0]]
```

**Explanation:**

The provided images show static scenes with a cube, a sphere, and a cone. There's no change or interaction between the objects across the frames.  Since causal inference relies on observing changes and how those changes propagate through a system, we cannot infer *any* causal relationships from these static images.  All objects remain constant in their properties throughout the sequence. Therefore, the causality adjacency matrix is all zeros. 
","[[0, 0, 0, 0, 0], [0, 0, 0, 0, 0], [0, 0, 0, 0, 0], [0, 0, 0, 0, 0], [0, 0, 0, 0, 0]]"
2025-01-24 03:03:12,"['/home/lds/github/Causality-informed-Generation/code1/database/final_dataset/hypothetic/data/Hypothetic_v5_linear_full_connected/7870.png', '/home/lds/github/Causality-informed-Generation/code1/database/final_dataset/hypothetic/data/Hypothetic_v5_linear_full_connected/1046.png', '/home/lds/github/Causality-informed-Generation/code1/database/final_dataset/hypothetic/data/Hypothetic_v5_linear_full_connected/1814.png', '/home/lds/github/Causality-informed-Generation/code1/database/final_dataset/hypothetic/data/Hypothetic_v5_linear_full_connected/1258.png', '/home/lds/github/Causality-informed-Generation/code1/database/final_dataset/hypothetic/data/Hypothetic_v5_linear_full_connected/569.png', '/home/lds/github/Causality-informed-Generation/code1/database/final_dataset/hypothetic/data/Hypothetic_v5_linear_full_connected/3304.png', '/home/lds/github/Causality-informed-Generation/code1/database/final_dataset/hypothetic/data/Hypothetic_v5_linear_full_connected/7009.png', '/home/lds/github/Causality-informed-Generation/code1/database/final_dataset/hypothetic/data/Hypothetic_v5_linear_full_connected/1982.png', '/home/lds/github/Causality-informed-Generation/code1/database/final_dataset/hypothetic/data/Hypothetic_v5_linear_full_connected/8374.png', '/home/lds/github/Causality-informed-Generation/code1/database/final_dataset/hypothetic/data/Hypothetic_v5_linear_full_connected/2026.png']","You are a causal discovery expert. Your objective is to analyze the provided images and identify any causal relationships between the variables. Use the identified relationships to complete the causality adjacency matrix and provide a brief explanation supporting your conclusions.There are 5 variables: 
1. ball's volumn
2. cuboid's height
3. base area of cuboid
4. base area of cone
5. cone's height
.
Please fill this causality adjacency matrix:
```
[[_, _, _, _, _],
 [_, _, _, _, _],
 [_, _, _, _, _],
 [_, _, _, _, _],
 [_, _, _, _, _],]
```.
In the matrix, matrix[i][j] = 1 means variable i causes variable j, matrix[i][j] = 0 means there is not direct causal relationship.","Here's the causality adjacency matrix and the reasoning:

```
[[0, 0, 0, 0, 0],
 [0, 0, 0, 0, 0],
 [0, 0, 0, 0, 0],
 [0, 0, 0, 0, 0],
 [0, 0, 0, 0, 0]]
```

**Explanation:**

The provided image sequence shows geometric shapes (cuboid, sphere, cone) with varying sizes.  However, the variations appear to be independent of each other.  There's no indication that changing one shape's dimensions *causes* a change in another shape's dimensions.  The animations simply display different configurations of shapes, but no consistent manipulation experiment suggests a causal link.

For example, the cuboid's height changes, but there's no corresponding consistent change in the ball's volume or the cone's dimensions.  Therefore, we cannot infer any direct causal relationship between the variables based on the provided information. All entries in the adjacency matrix should be 0.

It's crucial to distinguish between correlation and causation.  If we consistently observed that whenever the cuboid's height increased, the sphere's volume also increased, we might have evidence of a correlation. However, correlation alone does not imply causation. There could be a hidden confounding variable affecting both, or the correlation could be purely coincidental.  Since we don't observe even consistent correlations in the animations, we cannot establish any causal relationships.
","[[0, 0, 0, 0, 0], [0, 0, 0, 0, 0], [0, 0, 0, 0, 0], [0, 0, 0, 0, 0], [0, 0, 0, 0, 0]]"
2025-01-24 03:03:21,"['/home/lds/github/Causality-informed-Generation/code1/database/final_dataset/hypothetic/data/Hypothetic_v5_linear_full_connected/4262.png', '/home/lds/github/Causality-informed-Generation/code1/database/final_dataset/hypothetic/data/Hypothetic_v5_linear_full_connected/5805.png', '/home/lds/github/Causality-informed-Generation/code1/database/final_dataset/hypothetic/data/Hypothetic_v5_linear_full_connected/4174.png', '/home/lds/github/Causality-informed-Generation/code1/database/final_dataset/hypothetic/data/Hypothetic_v5_linear_full_connected/6152.png', '/home/lds/github/Causality-informed-Generation/code1/database/final_dataset/hypothetic/data/Hypothetic_v5_linear_full_connected/4112.png', '/home/lds/github/Causality-informed-Generation/code1/database/final_dataset/hypothetic/data/Hypothetic_v5_linear_full_connected/5040.png', '/home/lds/github/Causality-informed-Generation/code1/database/final_dataset/hypothetic/data/Hypothetic_v5_linear_full_connected/353.png', '/home/lds/github/Causality-informed-Generation/code1/database/final_dataset/hypothetic/data/Hypothetic_v5_linear_full_connected/7880.png', '/home/lds/github/Causality-informed-Generation/code1/database/final_dataset/hypothetic/data/Hypothetic_v5_linear_full_connected/7216.png', '/home/lds/github/Causality-informed-Generation/code1/database/final_dataset/hypothetic/data/Hypothetic_v5_linear_full_connected/6717.png']","You are a causal discovery expert. Your objective is to analyze the provided images and identify any causal relationships between the variables. Use the identified relationships to complete the causality adjacency matrix and provide a brief explanation supporting your conclusions.There are 5 variables: 
1. ball's volumn
2. cuboid's height
3. base area of cuboid
4. base area of cone
5. cone's height
.
Please fill this causality adjacency matrix:
```
[[_, _, _, _, _],
 [_, _, _, _, _],
 [_, _, _, _, _],
 [_, _, _, _, _],
 [_, _, _, _, _],]
```.
In the matrix, matrix[i][j] = 1 means variable i causes variable j, matrix[i][j] = 0 means there is not direct causal relationship.","Here's the causality adjacency matrix and the reasoning behind it:

```
[[0, 0, 0, 0, 0],
 [0, 0, 0, 0, 0],
 [0, 0, 0, 0, 0],
 [0, 0, 0, 0, 0],
 [0, 0, 0, 0, 0]]
```

**Explanation:**

The key to this problem is recognizing that the provided images, even though they change sizes,  don't give us any information about *why* the shapes are changing.  We only observe the changes themselves. Causal discovery requires more than just observation; it requires interventions or some underlying knowledge of the system's mechanics.

Here's why we can't infer causality from the video:

* **No Interventions:** We don't see any external force or action influencing the shapes.  If we saw, for example, someone using a pump to inflate the ball, we could then infer that the pumping action causes the ball's volume to increase.
* **No Temporal Precedence (Clear Time Ordering):**  While we see the shapes changing over time, we don't necessarily know that one change consistently precedes another. Even if the cuboid's height increased just before the ball's volume increased in one frame, this isn't enough to establish a causal link. It could be a coincidence or due to a hidden common cause.
* **No Mechanism/Underlying Model:** We don't have any information about how these shapes are related. Are they connected physically?  Is there some rule governing their changes in size?  Without this knowledge, we can't infer causal relationships.

Therefore, based solely on observing the changes in size, we cannot establish any causal links between the variables. All entries in the adjacency matrix should be 0.  It's important to distinguish between correlation (observing things changing together) and causation (one thing causing another).
","[[0, 0, 0, 0, 0], [0, 0, 0, 0, 0], [0, 0, 0, 0, 0], [0, 0, 0, 0, 0], [0, 0, 0, 0, 0]]"
2025-01-24 03:03:28,"['/home/lds/github/Causality-informed-Generation/code1/database/final_dataset/hypothetic/data/Hypothetic_v5_linear_full_connected/9477.png', '/home/lds/github/Causality-informed-Generation/code1/database/final_dataset/hypothetic/data/Hypothetic_v5_linear_full_connected/319.png', '/home/lds/github/Causality-informed-Generation/code1/database/final_dataset/hypothetic/data/Hypothetic_v5_linear_full_connected/4995.png', '/home/lds/github/Causality-informed-Generation/code1/database/final_dataset/hypothetic/data/Hypothetic_v5_linear_full_connected/6555.png', '/home/lds/github/Causality-informed-Generation/code1/database/final_dataset/hypothetic/data/Hypothetic_v5_linear_full_connected/1911.png', '/home/lds/github/Causality-informed-Generation/code1/database/final_dataset/hypothetic/data/Hypothetic_v5_linear_full_connected/6796.png', '/home/lds/github/Causality-informed-Generation/code1/database/final_dataset/hypothetic/data/Hypothetic_v5_linear_full_connected/505.png', '/home/lds/github/Causality-informed-Generation/code1/database/final_dataset/hypothetic/data/Hypothetic_v5_linear_full_connected/3941.png', '/home/lds/github/Causality-informed-Generation/code1/database/final_dataset/hypothetic/data/Hypothetic_v5_linear_full_connected/2359.png', '/home/lds/github/Causality-informed-Generation/code1/database/final_dataset/hypothetic/data/Hypothetic_v5_linear_full_connected/9127.png']","You are a causal discovery expert. Your objective is to analyze the provided images and identify any causal relationships between the variables. Use the identified relationships to complete the causality adjacency matrix and provide a brief explanation supporting your conclusions.There are 5 variables: 
1. ball's volumn
2. cuboid's height
3. base area of cuboid
4. base area of cone
5. cone's height
.
Please fill this causality adjacency matrix:
```
[[_, _, _, _, _],
 [_, _, _, _, _],
 [_, _, _, _, _],
 [_, _, _, _, _],
 [_, _, _, _, _],]
```.
In the matrix, matrix[i][j] = 1 means variable i causes variable j, matrix[i][j] = 0 means there is not direct causal relationship.","```
[[0, 0, 0, 0, 0],
 [0, 0, 0, 0, 0],
 [0, 0, 0, 0, 0],
 [0, 0, 0, 0, 0],
 [0, 0, 0, 0, 0]]
```

**Explanation:**

The provided images show static scenes with a ball, a cuboid, and a cone.  While we can observe correlations between variables (e.g., a taller cuboid might appear to have a larger base area due to the perspective), the images themselves do not reveal any information about *how* these shapes were created or whether one variable's value influences another.  Therefore, we cannot infer any causal relationships from these static images alone.

Causal discovery requires more than just observing co-occurrence.  We'd need interventions or time-series data to investigate potential causal links. For instance, if we had a sequence of images showing the cone being stretched upwards, we could infer that changing the cone's height doesn't cause its base area to change (assuming a rigid cone). But with only static snapshots, we cannot make such determinations. Every variable is independent of each other.
","[[0, 0, 0, 0, 0], [0, 0, 0, 0, 0], [0, 0, 0, 0, 0], [0, 0, 0, 0, 0], [0, 0, 0, 0, 0]]"
2025-01-24 03:03:36,"['/home/lds/github/Causality-informed-Generation/code1/database/final_dataset/hypothetic/data/Hypothetic_v5_linear_full_connected/872.png', '/home/lds/github/Causality-informed-Generation/code1/database/final_dataset/hypothetic/data/Hypothetic_v5_linear_full_connected/8674.png', '/home/lds/github/Causality-informed-Generation/code1/database/final_dataset/hypothetic/data/Hypothetic_v5_linear_full_connected/1348.png', '/home/lds/github/Causality-informed-Generation/code1/database/final_dataset/hypothetic/data/Hypothetic_v5_linear_full_connected/7593.png', '/home/lds/github/Causality-informed-Generation/code1/database/final_dataset/hypothetic/data/Hypothetic_v5_linear_full_connected/7502.png', '/home/lds/github/Causality-informed-Generation/code1/database/final_dataset/hypothetic/data/Hypothetic_v5_linear_full_connected/2422.png', '/home/lds/github/Causality-informed-Generation/code1/database/final_dataset/hypothetic/data/Hypothetic_v5_linear_full_connected/5471.png', '/home/lds/github/Causality-informed-Generation/code1/database/final_dataset/hypothetic/data/Hypothetic_v5_linear_full_connected/6042.png', '/home/lds/github/Causality-informed-Generation/code1/database/final_dataset/hypothetic/data/Hypothetic_v5_linear_full_connected/7615.png', '/home/lds/github/Causality-informed-Generation/code1/database/final_dataset/hypothetic/data/Hypothetic_v5_linear_full_connected/8442.png']","You are a causal discovery expert. Your objective is to analyze the provided images and identify any causal relationships between the variables. Use the identified relationships to complete the causality adjacency matrix and provide a brief explanation supporting your conclusions.There are 5 variables: 
1. ball's volumn
2. cuboid's height
3. base area of cuboid
4. base area of cone
5. cone's height
.
Please fill this causality adjacency matrix:
```
[[_, _, _, _, _],
 [_, _, _, _, _],
 [_, _, _, _, _],
 [_, _, _, _, _],
 [_, _, _, _, _],]
```.
In the matrix, matrix[i][j] = 1 means variable i causes variable j, matrix[i][j] = 0 means there is not direct causal relationship.","Here's the causality adjacency matrix and the reasoning behind it:

```
[[0, 0, 0, 0, 0],
 [0, 0, 0, 0, 0],
 [0, 0, 0, 0, 0],
 [0, 0, 0, 0, 0],
 [0, 0, 0, 0, 0]]
```

**Explanation:**

The key here is understanding that simply observing correlations or changes together in a set of images doesn't necessarily imply a *causal* relationship.  While we might observe that some objects change size together across the images, we have no basis to claim *why* that change is happening. There's no experiment or controlled intervention shown in the image sequence that would allow us to infer one variable directly influences another.

For example, the cone and cuboid might appear to scale together in the provided images. However, we don't know if:

* An unseen force is scaling them both independently.
* The cone's size is being adjusted, causing the cuboid's size to change as a side effect.
* The cuboid's size is influencing the cone.
* Some other factor entirely is responsible for the correlated change in size.

Without more information about how the scene is being generated and what factors are being manipulated, all entries in the causal matrix must be 0, representing the lack of observable direct causal relationships.
","[[0, 0, 0, 0, 0], [0, 0, 0, 0, 0], [0, 0, 0, 0, 0], [0, 0, 0, 0, 0], [0, 0, 0, 0, 0]]"
2025-01-24 03:03:42,"['/home/lds/github/Causality-informed-Generation/code1/database/final_dataset/hypothetic/data/Hypothetic_v5_linear_full_connected/6012.png', '/home/lds/github/Causality-informed-Generation/code1/database/final_dataset/hypothetic/data/Hypothetic_v5_linear_full_connected/1997.png', '/home/lds/github/Causality-informed-Generation/code1/database/final_dataset/hypothetic/data/Hypothetic_v5_linear_full_connected/1989.png', '/home/lds/github/Causality-informed-Generation/code1/database/final_dataset/hypothetic/data/Hypothetic_v5_linear_full_connected/9926.png', '/home/lds/github/Causality-informed-Generation/code1/database/final_dataset/hypothetic/data/Hypothetic_v5_linear_full_connected/626.png', '/home/lds/github/Causality-informed-Generation/code1/database/final_dataset/hypothetic/data/Hypothetic_v5_linear_full_connected/4936.png', '/home/lds/github/Causality-informed-Generation/code1/database/final_dataset/hypothetic/data/Hypothetic_v5_linear_full_connected/6935.png', '/home/lds/github/Causality-informed-Generation/code1/database/final_dataset/hypothetic/data/Hypothetic_v5_linear_full_connected/6304.png', '/home/lds/github/Causality-informed-Generation/code1/database/final_dataset/hypothetic/data/Hypothetic_v5_linear_full_connected/1710.png', '/home/lds/github/Causality-informed-Generation/code1/database/final_dataset/hypothetic/data/Hypothetic_v5_linear_full_connected/7175.png']","You are a causal discovery expert. Your objective is to analyze the provided images and identify any causal relationships between the variables. Use the identified relationships to complete the causality adjacency matrix and provide a brief explanation supporting your conclusions.There are 5 variables: 
1. ball's volumn
2. cuboid's height
3. base area of cuboid
4. base area of cone
5. cone's height
.
Please fill this causality adjacency matrix:
```
[[_, _, _, _, _],
 [_, _, _, _, _],
 [_, _, _, _, _],
 [_, _, _, _, _],
 [_, _, _, _, _],]
```.
In the matrix, matrix[i][j] = 1 means variable i causes variable j, matrix[i][j] = 0 means there is not direct causal relationship.","```
[[0, 0, 0, 0, 0],
 [0, 0, 0, 0, 0],
 [0, 0, 0, 0, 0],
 [0, 0, 0, 0, 0],
 [0, 0, 0, 0, 0]]
```

**Explanation:**

The provided image sequence shows variations in the sizes of the objects (ball, cuboid, cone). However, simply observing changes in size together does *not* imply a causal relationship between them. There's no information presented that suggests one object's size influences or causes a change in another's.  The changes appear to be independent.  Therefore, all entries in the causal adjacency matrix remain 0, indicating no direct causal links.  We would need further experiments or information demonstrating how manipulating one variable *leads to* a change in another to establish causality.  For instance, if increasing the cone's height always resulted in a proportional decrease in the cuboid's height, we could then start inferring a potential causal link.
","[[0, 0, 0, 0, 0], [0, 0, 0, 0, 0], [0, 0, 0, 0, 0], [0, 0, 0, 0, 0], [0, 0, 0, 0, 0]]"
